y,flood_var,flood_coefficient,flood_p_value,waste_var,waste_coefficient,waste_p_value,population_var,population_coefficient,population_p_value,r2,adjr2,nobs,aic,bic
1_outflow_accumulated_hour0,4_flood_p95,23.02869542668968,0.04856872736744046,4_waste_per_quadkey_area,-49921.65010872914,0.00018444415613960772,3_fb_baseline_safe,0.4323476058281852,2.7256154688720893e-07,0.8501583394848762,0.8480577554589632,218,3010.400763626323,3023.9387438774797
1_outflow_accumulated_hour0,4_flood_p95,23.02847365585309,0.04857246122192004,4_waste_count_final,-8.399581091482746,0.00018447920777955353,3_fb_baseline_safe,0.4323497839611303,2.726032067820929e-07,0.8501572005102842,0.8480566005174377,218,3010.402420678952,3023.9404009301084
1_outflow_accumulated_hour0,4_flood_p95,22.414012120400965,0.05261430409200878,4_waste_per_quadkey_area,-49981.684944100234,0.0001962129086435572,3_fb_baseline_median,0.4308555492812385,2.9399827612386274e-07,0.8490130613056001,0.8469541485052219,224,3089.2048664125036,3102.851450619924
1_outflow_accumulated_hour0,4_flood_p95,22.413790909427146,0.052618297868777406,4_waste_count_final,-8.409682249153654,0.00019624988280982073,3_fb_baseline_median,0.43085772729873034,2.940438177486696e-07,0.849011920866558,0.8469529925147383,224,3089.2065583295853,3102.8531425370056
1_outflow_accumulated_hour0,4_flood_p95,22.98461007264607,0.0305417466139934,4_waste_count,-8.410827938974082,0.00020867056969484408,3_fb_baseline_safe,0.42976541064756835,3.066171019404287e-07,0.8484634308986694,0.8465289215058864,239,3282.0443209719797,3295.9501751797056
1_outflow_accumulated_hour0,4_flood_p95,23.907858964845406,0.019853854835561697,4_waste_count,-8.425970803191701,0.00022433679593302435,3_fb_baseline_median,0.4278464745069229,3.3481584330894345e-07,0.8471381511285484,0.8452739822398722,250,3424.574894362434,3438.660738033883
1_outflow_max_hour0,4_flood_p95,16.686009451951982,0.1486060120746999,4_waste_per_quadkey_area,-43459.53384399267,0.0005569134101457785,3_fb_baseline_median,0.37486244436431015,2.849893345054743e-06,0.8345107760769922,0.8320651225214798,207,2832.2292146759246,2845.560089848986
1_outflow_max_hour0,4_flood_p95,16.686009451951982,0.1486060120746999,4_waste_per_quadkey_area,-43459.53384399267,0.0005569134101457785,3_fb_baseline_safe,0.37486244436431015,2.849893345054743e-06,0.8345107760769922,0.8320651225214798,207,2832.2292146759246,2845.560089848986
1_outflow_max_hour0,4_flood_p95,16.685810449103045,0.14861273160103497,4_waste_count_final,-7.3123058152088625,0.0005569929765492514,3_fb_baseline_median,0.37486447735257,2.850191050863394e-06,0.834510061737516,0.8320643976252625,207,2832.2301081960513,2845.560983369113
1_outflow_max_hour0,4_flood_p95,16.685810449103045,0.14861273160103497,4_waste_count_final,-7.3123058152088625,0.0005569929765492514,3_fb_baseline_safe,0.37486447735257,2.850191050863394e-06,0.834510061737516,0.8320643976252625,207,2832.2301081960513,2845.560983369113
1_outflow_max_hour0,4_flood_p95,16.48126577067286,0.12621912412535527,4_waste_count,-7.3259622585990325,0.000614054841909178,3_fb_baseline_median,0.3724730085266278,3.0860814385064065e-06,0.8328429952743959,0.8305841168321579,226,3075.449315746436,3089.131455743525
1_outflow_max_hour0,4_flood_p95,16.48126577067286,0.12621912412535527,4_waste_count,-7.3259622585990325,0.000614054841909178,3_fb_baseline_safe,0.3724730085266278,3.0860814385064065e-06,0.8328429952743959,0.8305841168321579,226,3075.449315746436,3089.131455743525
1_outflow_accumulated_hour0,4_flood_p95,17.06132168826137,0.17794315397485883,4_waste_per_svi_count,-32.454020119702214,0.00024907655911265,3_fb_baseline_safe,0.40139470149632506,7.328374619189611e-07,0.8292939752411629,0.8269009001277212,218,3038.8200684531853,3052.358048704342
1_outflow_accumulated_hour0,4_flood_p95,16.64179149277974,0.18483218920254385,4_waste_per_svi_count,-32.55914771645262,0.00025794525500980357,3_fb_baseline_median,0.40052013092899885,7.383528247530548e-07,0.8289560454424351,0.8266236278802864,224,3117.143766673414,3130.7903508808345
1_outflow_max_hour0,4_flood_p95,11.270639217552286,0.3613110729404796,4_waste_per_svi_count,-28.352397786447856,0.0005749297709168774,3_fb_baseline_median,0.34755361587026984,5.363298811605018e-06,0.8139836733890421,0.8112346636361708,207,2856.433386622096,2869.7642617951574
1_outflow_max_hour0,4_flood_p95,11.270639217552286,0.3613110729404796,4_waste_per_svi_count,-28.352397786447856,0.0005749297709168774,3_fb_baseline_safe,0.34755361587026984,5.363298811605018e-06,0.8139836733890421,0.8112346636361708,207,2856.433386622096,2869.7642617951574
2_outflow_max,4_flood_p95,11.127237192972876,0.3170012076481311,4_waste_count,-4.63732760157774,0.050697261632554336,3_fb_baseline_median,0.3601289356437732,3.3382015156820934e-05,0.8111724117984367,0.8088696363325639,250,3430.727253755289,3444.813097426738
2_outflow_max,4_flood_p95,10.100512225124785,0.3856238571475028,4_waste_count,-4.626282498349256,0.0503082573191192,3_fb_baseline_safe,0.3613909959595046,3.3749287169280636e-05,0.810856333079264,0.8084417330760205,239,3289.6720263142447,3303.5778805219707
2_outflow_max,4_flood_p95,9.479409292584222,0.4590770649174245,4_waste_count_final,-4.616462109587457,0.05039565923891588,3_fb_baseline_median,0.36190346202867385,3.525119263907376e-05,0.8096042048552131,0.8070078985577842,224,3097.8990519493213,3111.5456361567417
2_outflow_max,4_flood_p95,9.479370404213666,0.4590815555058624,4_waste_per_quadkey_area,-27436.76150019746,0.050397396114466024,3_fb_baseline_median,0.36190112611406533,3.525112168041662e-05,0.8096025509157814,0.8070062220646329,224,3097.900997794939,3111.5475820023594
2_outflow_max,4_flood_p95,6.714042962095867,0.588224394282219,4_waste_per_svi_count,-19.1080894103225,0.02883909558290912,3_fb_baseline_median,0.3485237817372774,1.0470352389010436e-05,0.8095378643352313,0.8069406533943482,224,3097.977087749152,3111.6236719565723
2_outflow_max,4_flood_p95,9.835819664011288,0.4476260089707643,4_waste_count_final,-4.609964272436359,0.0500264013711873,3_fb_baseline_safe,0.36285043422502045,3.56097871598017e-05,0.8094907720558765,0.8068200819445103,218,3020.2089768486485,3033.746957099805
2_outflow_max,4_flood_p95,9.835780495515445,0.4476305052594107,4_waste_per_quadkey_area,-27398.142392938476,0.050028129819090134,3_fb_baseline_safe,0.3628481003535021,3.5609772674631625e-05,0.8094891118137691,0.8068183984279809,218,3020.2108766579454,3033.748856909102
2_outflow_max,4_flood_p95,6.956928430625922,0.5785064432750666,4_waste_per_svi_count,-19.039767229371684,0.028722317672815224,3_fb_baseline_safe,0.34909052408416374,1.074416216533492e-05,0.8090687453679648,0.8063921389946185,218,3020.69136851764,3034.2293487687966
2_displaced_excess_max,4_flood_p95,-1.8949028611300474,0.8523664860828758,4_waste_per_svi_count,-19.450881135794983,0.014142950650718652,3_fb_baseline_median,0.3076795152140377,1.804354406385695e-05,0.8048509067301158,0.8021897827309811,224,3043.2167971144677,3056.863381321888
2_displaced_excess_max,4_flood_p95,-1.6902039937814113,0.8695874586127786,4_waste_per_svi_count,-19.37401042630178,0.014058229934961761,3_fb_baseline_safe,0.30831339276743774,1.8128708645190596e-05,0.8048269864718687,0.802090916188764,218,2967.138466603007,2980.6764468541637
2_displaced_excess_max,4_flood_p95,2.649888297017575,0.7892460028513901,4_waste_count,-4.676924242325156,0.02936174770738566,3_fb_baseline_safe,0.32006921170589064,5.86077488253718e-05,0.8042925541018952,0.8017941611755364,239,3233.1873533348294,3247.0932075425553
2_displaced_excess_max,4_flood_p95,1.159808490581359,0.9146317173216605,4_waste_count_final,-4.650304251781073,0.029337235471532944,3_fb_baseline_safe,0.32175286617941684,5.9214483509298096e-05,0.8040403499827838,0.8012932520853462,218,2968.0153403689465,2981.553320620103
2_displaced_excess_max,4_flood_p95,1.1598917874171513,0.9146254637913427,4_waste_per_quadkey_area,-27638.26575238709,0.029335404918835253,3_fb_baseline_safe,0.32175138089716093,5.9207832929142695e-05,0.8040402324689115,0.8012931329240832,218,2968.015471100025,2981.5534513511816
2_displaced_excess_max,4_flood_p95,4.582188492577702,0.6334635497618011,4_waste_count,-4.691579195768152,0.029681156845285016,3_fb_baseline_median,0.31861666742925,6.0188288196531296e-05,0.803628948157567,0.8012341792326593,250,3372.4776213838422,3386.563465055291
2_displaced_excess_max,4_flood_p95,0.8387098053631359,0.9374183397911237,4_waste_count_final,-4.65756185861412,0.02969080764991758,3_fb_baseline_median,0.32072049912665784,6.0062888040923134e-05,0.8035473674504174,0.8008684679156504,224,3044.7080769423246,3058.354661149745
2_displaced_excess_max,4_flood_p95,0.838792986100799,0.9374120376436159,4_waste_per_quadkey_area,-27681.40038279552,0.02968896843562524,3_fb_baseline_median,0.32071901310650125,6.0056075608107756e-05,0.8035472519751454,0.8008683508657156,224,3044.7082086099585,3058.354792817379
2_outflow_max,4_flood_p95,0.9849728442714838,0.927642845458148,4_waste_per_population,-3.5633273204468687,0.8891354531935087,3_fb_baseline_median,0.298044026790313,7.5766925833134e-06,0.751527895088905,0.7481396391128446,224,3157.53357460434,3171.1801588117605
2_outflow_max,4_flood_p95,1.2206504445696027,0.9112736720418491,4_waste_per_population,-2.8451230178488003,0.9067811240788153,3_fb_baseline_safe,0.29914953740856776,8.224457025158911e-06,0.751303896135419,0.7478175021560091,218,3078.3127458874346,3091.850726138591
2_displaced_excess_max,4_flood_p95,-7.532377351324553,0.5142640820277189,4_waste_per_population,-2.858579842263186,0.920656220176906,3_fb_baseline_safe,0.25749402552917794,3.0665590742004886e-05,0.7266610176856769,0.72282916279342,218,3040.566600946271,3054.1045811974277
2_displaced_excess_max,4_flood_p95,-7.724597243952932,0.49949440446992077,4_waste_per_population,-3.6423197451631397,0.9034932079570356,3_fb_baseline_median,0.2562949409689162,2.9482626249012568e-05,0.7262060922787519,0.722472538991644,224,3119.06584355786,3132.71242776528
1_outflow_accumulated_hour0,4_flood_p95,9.478411475060213,0.5867442333923898,4_waste_per_population,-20.265770227700298,0.7935711923410342,3_fb_baseline_safe,0.3169723515001786,4.8273031634415814e-05,0.6930323478964435,0.6887290630538703,218,3166.742348703461,3180.2803289546177
1_outflow_accumulated_hour0,4_flood_p95,9.064066334880158,0.6006534918487081,4_waste_per_population,-21.358231505396738,0.7870764125999231,3_fb_baseline_median,0.31528447897623013,4.778726569144708e-05,0.6920760613572582,0.6878770985575844,224,3248.8405867194597,3262.48717092688
1_outflow_max_hour0,4_flood_p95,3.578954428013007,0.8201744329145783,4_waste_per_population,-15.407316242779743,0.8131306782826405,3_fb_baseline_median,0.2748455576864494,0.0001477108912799436,0.6768891903709684,0.6721141537754655,207,2970.730688972002,2984.0615641450636
1_outflow_max_hour0,4_flood_p95,3.578954428013007,0.8201744329145783,4_waste_per_population,-15.407316242779743,0.8131306782826405,3_fb_baseline_safe,0.2748455576864494,0.0001477108912799436,0.6768891903709684,0.6721141537754655,207,2970.730688972002,2984.0615641450636
3_estimated_outflow_pop_from_2_outflow_max,4_flood_p95,-49.839263076603515,0.9093109748590888,4_waste_count,72.47925552149457,0.15959785109721203,3_worldpop,0.11314790447018515,0.053012048144814736,0.649500230968594,0.6452258435413818,250,5065.221750368584,5079.307594040033
3_estimated_outflow_pop_from_2_outflow_max,4_flood_p95,-51.59193018234646,0.906523881874103,4_waste_count,72.46487917872135,0.15961267624807163,3_worldpop_safe,0.11312007296912671,0.05318293957122659,0.6489549138488208,0.6446387857404046,248,5026.74229107046,5040.7960060551195
3_estimated_outflow_pop_from_2_outflow_max,4_flood_p95,-33.4988165960919,0.95187666671569,4_waste_count_final,72.19536268527446,0.1611246642684181,3_worldpop,0.11276038027296935,0.05519950475634474,0.6415636818989288,0.6366759139248233,224,4563.691356382929,4577.33794059035
3_estimated_outflow_pop_from_2_outflow_max,4_flood_p95,-33.4988165960919,0.95187666671569,4_waste_count_final,72.19536268527446,0.1611246642684181,3_worldpop_safe,0.11276038027296935,0.05519950475634474,0.6415636818989288,0.6366759139248233,224,4563.691356382929,4577.33794059035
3_estimated_outflow_pop_from_2_outflow_max,4_flood_p95,-33.50191301731519,0.9518718958112562,4_waste_per_quadkey_area,429070.4613423097,0.16112606571616483,3_worldpop,0.11276219251408015,0.05518910086717715,0.6415635020762284,0.6366757316499951,224,4563.691468760701,4577.338052968122
3_estimated_outflow_pop_from_2_outflow_max,4_flood_p95,-33.50191301731519,0.9518718958112562,4_waste_per_quadkey_area,429070.4613423097,0.16112606571616483,3_worldpop_safe,0.11276219251408015,0.05518910086717715,0.6415635020762284,0.6366757316499951,224,4563.691468760701,4577.338052968122
3_estimated_outflow_pop_from_2_outflow_max,4_flood_p95,-0.6751454832471495,0.998988569803007,4_waste_per_svi_count,79.93775651877186,0.6100867043961221,3_worldpop,0.14248962637784976,0.003049344267932523,0.6225289253214401,0.6173815924849142,224,4575.281773247497,4588.928357454917
3_estimated_outflow_pop_from_2_outflow_max,4_flood_p95,-0.6751454832471495,0.998988569803007,4_waste_per_svi_count,79.93775651877186,0.6100867043961221,3_worldpop_safe,0.14248962637784976,0.003049344267932523,0.6225289253214401,0.6173815924849142,224,4575.281773247497,4588.928357454917
3_estimated_outflow_pop_from_2_outflow_max,4_flood_p95,-24.566517626752045,0.9637100401817307,4_waste_per_population,151.9426965643901,0.7676388470153876,3_worldpop,0.15188947448686663,7.776946539649205e-06,0.621507096140274,0.6163458292694595,224,4575.8873308732,4589.53391508062
3_estimated_outflow_pop_from_2_outflow_max,4_flood_p95,-24.566517626752045,0.9637100401817307,4_waste_per_population,151.9426965643901,0.7676388470153876,3_worldpop_safe,0.15188947448686663,7.776946539649205e-06,0.621507096140274,0.6163458292694595,224,4575.8873308732,4589.53391508062
3_estimated_outflow_pop_from_1_outflow_max_hour0,4_flood_p95,-12.352014081153975,0.961267472186429,4_waste_per_svi_count,-263.1263106152952,0.09027954323829845,3_worldpop,0.12380380808668419,0.00036364089776307003,0.5875328349234863,0.5819082826724429,224,4399.6736138442675,4413.320198051688
3_estimated_outflow_pop_from_1_outflow_max_hour0,4_flood_p95,-12.352014081153975,0.961267472186429,4_waste_per_svi_count,-263.1263106152952,0.09027954323829845,3_worldpop_safe,0.12380380808668419,0.00036364089776307003,0.5875328349234863,0.5819082826724429,224,4399.6736138442675,4413.320198051688
3_estimated_outflow_pop_from_1_outflow_accumulated_hour0,4_flood_p95,-45.35584659398131,0.8787942803114202,4_waste_per_svi_count,-310.6668908717484,0.0660838628026704,3_worldpop,0.14633937339317285,0.00015692577935767443,0.5812538022210649,0.5755436267968067,224,4480.3506774189755,4493.997261626396
3_estimated_outflow_pop_from_1_outflow_accumulated_hour0,4_flood_p95,-45.35584659398131,0.8787942803114202,4_waste_per_svi_count,-310.6668908717484,0.0660838628026704,3_worldpop_safe,0.14633937339317285,0.00015692577935767443,0.5812538022210649,0.5755436267968067,224,4480.3506774189755,4493.997261626396
3_estimated_outflow_pop_from_1_outflow_max_hour0,4_flood_p95,10.81905983027099,0.9520560073783376,4_waste_count,-47.745843478743275,0.3132165671488292,3_worldpop,0.11860664258245623,0.00272145448365349,0.5794436514939871,0.5743149155365967,250,4890.542232586218,4904.628076257667
3_estimated_outflow_pop_from_1_outflow_max_hour0,4_flood_p95,10.780492247751361,0.9522601567792867,4_waste_count,-47.746284724650614,0.31320469340912727,3_worldpop_safe,0.11860580264476944,0.002725848307174961,0.5790075950625941,0.5738314589363145,248,4853.473846522559,4867.527561507219
3_estimated_outflow_pop_from_1_outflow_accumulated_hour0,4_flood_p95,-6.963220303881875,0.9741062509137257,4_waste_count,-61.13667290911663,0.25392707734794373,3_worldpop,0.14270571486168399,0.0014796641231662518,0.5767168959704334,0.5715549068969021,250,4978.207927175526,4992.293770846974
3_estimated_outflow_pop_from_1_outflow_accumulated_hour0,4_flood_p95,-6.862183686721462,0.9745143901228276,4_waste_count,-61.13574105319109,0.25392365345474166,3_worldpop_safe,0.14270750707503638,0.00148266326749553,0.5763036719131971,0.5710942908301626,248,4940.438162091684,4954.491877076343
3_estimated_outflow_pop_from_1_outflow_max_hour0,4_flood_p95,14.94190064254881,0.9499734426101,4_waste_per_quadkey_area,-284061.57453178446,0.31221737651984083,3_worldpop,0.11855030406865003,0.0029395803990469385,0.5731660353694085,0.5673455722153549,224,4407.343036321872,4420.989620529293
3_estimated_outflow_pop_from_1_outflow_max_hour0,4_flood_p95,14.94190064254881,0.9499734426101,4_waste_per_quadkey_area,-284061.57453178446,0.31221737651984083,3_worldpop_safe,0.11855030406865003,0.0029395803990469385,0.5731660353694085,0.5673455722153549,224,4407.343036321872,4420.989620529293
3_estimated_outflow_pop_from_1_outflow_max_hour0,4_flood_p95,14.938691811960929,0.9499848258327233,4_waste_count_final,-47.793454107039885,0.31226130733352475,3_worldpop,0.11855002409810765,0.0029406176928191597,0.5731637828357887,0.5673432889653677,224,4407.344218435389,4420.990802642809
3_estimated_outflow_pop_from_1_outflow_max_hour0,4_flood_p95,14.938691811960929,0.9499848258327233,4_waste_count_final,-47.793454107039885,0.31226130733352475,3_worldpop_safe,0.11855002409810765,0.0029406176928191597,0.5731637828357887,0.5673432889653677,224,4407.344218435389,4420.990802642809
3_estimated_outflow_pop_from_1_outflow_accumulated_hour0,4_flood_p95,-11.122570612272717,0.9685111949036134,4_waste_per_quadkey_area,-363438.20071095834,0.2532901185507975,3_worldpop,0.14270029399164103,0.001598515433320265,0.5707552136007642,0.564901875604411,224,4485.897443975582,4499.544028183002
3_estimated_outflow_pop_from_1_outflow_accumulated_hour0,4_flood_p95,-11.122570612272717,0.9685111949036134,4_waste_per_quadkey_area,-363438.20071095834,0.2532901185507975,3_worldpop_safe,0.14270029399164103,0.001598515433320265,0.5707552136007642,0.564901875604411,224,4485.897443975582,4499.544028183002
3_estimated_outflow_pop_from_1_outflow_accumulated_hour0,4_flood_p95,-11.126691837607027,0.9684999566613208,4_waste_count_final,-61.14856078613826,0.2533371381448535,3_worldpop,0.14269991569401186,0.0015991908453994958,0.5707525723008422,0.5648991982867628,224,4485.898822325141,4499.545406532561
3_estimated_outflow_pop_from_1_outflow_accumulated_hour0,4_flood_p95,-11.126691837607027,0.9684999566613208,4_waste_count_final,-61.14856078613826,0.2533371381448535,3_worldpop_safe,0.14269991569401186,0.0015991908453994958,0.5707525723008422,0.5648991982867628,224,4485.898822325141,4499.545406532561
3_estimated_outflow_pop_from_2_outflow_max,4_flood_p95,52.625151035107365,0.9194064122735615,4_waste_count,173.13909527103147,1.850566953100477e-06,3_fb_baseline_median,1.439836835353826,0.00997169232260742,0.5674603604569572,0.5621854868039933,250,5117.800232065893,5131.886075737342
3_estimated_outflow_pop_from_2_outflow_max,4_flood_p95,69.26175224999578,0.9044391913511446,4_waste_count,173.0474330709854,1.8392846183638271e-06,3_fb_baseline_safe,1.4325238864959806,0.010955029667687051,0.5635468443497447,0.5579751019371882,239,4903.672067970177,4917.577922177903
3_estimated_outflow_pop_from_2_outflow_max,4_flood_p95,90.72030681649676,0.8922805862568176,4_waste_count_final,172.56380929970368,1.9914464598188193e-06,3_fb_baseline_median,1.4236096675343959,0.011885606561341742,0.5578560028219852,0.5518267664968304,224,4610.705507799343,4624.352092006763
3_estimated_outflow_pop_from_2_outflow_max,4_flood_p95,90.72163214664505,0.8922792588748661,4_waste_per_quadkey_area,1025589.2439123827,1.993899287093494e-06,3_fb_baseline_median,1.4236960715575497,0.011882514742093743,0.5578499095072433,0.551820590091433,224,4610.708594787079,4624.3551789944995
3_estimated_outflow_pop_from_2_outflow_max,4_flood_p95,89.79650454618672,0.8941682086092589,4_waste_count_final,172.52595623295144,2.001055979801925e-06,3_fb_baseline_safe,1.4184722994978296,0.012538124919684042,0.5551288841749128,0.5488923732054023,218,4493.308417607128,4506.846397858284
3_estimated_outflow_pop_from_2_outflow_max,4_flood_p95,89.79783291398992,0.8941668853203021,4_waste_per_quadkey_area,1025364.2677654799,2.0035184837838203e-06,3_fb_baseline_safe,1.4185586706989677,0.012534850931926602,0.5551227530518239,0.5488861561319897,218,4493.311422018014,4506.84940226917
3_estimated_outflow_pop_from_1_outflow_max_hour0,4_flood_p95,10.93891789741113,0.9659500409880664,4_waste_per_population,-113.93699580547315,0.7186617331259351,3_worldpop,0.09265372716115294,1.3720517751410632e-06,0.5522345932440452,0.5461287013337368,224,4418.0668915361375,4431.713475743558
3_estimated_outflow_pop_from_1_outflow_max_hour0,4_flood_p95,10.93891789741113,0.9659500409880664,4_waste_per_population,-113.93699580547315,0.7186617331259351,3_worldpop_safe,0.09265372716115294,1.3720517751410632e-06,0.5522345932440452,0.5461287013337368,224,4418.0668915361375,4431.713475743558
3_estimated_outflow_pop_from_1_outflow_accumulated_hour0,4_flood_p95,-17.59798505374915,0.9528815552348314,4_waste_per_population,-136.32854568904636,0.7340985494410834,3_worldpop,0.1095622019392532,3.2565607520778214e-06,0.546420245230769,0.5402350667566431,224,4498.2496473822275,4511.896231589648
3_estimated_outflow_pop_from_1_outflow_accumulated_hour0,4_flood_p95,-17.59798505374915,0.9528815552348314,4_waste_per_population,-136.32854568904636,0.7340985494410834,3_worldpop_safe,0.1095622019392532,3.2565607520778214e-06,0.546420245230769,0.5402350667566431,224,4498.2496473822275,4511.896231589648
3_estimated_excess_displacement_pop,4_flood_p95,-478.4896178983894,0.06742507462920087,4_waste_count,45.20982810620632,0.3745290195121066,3_worldpop,0.07739549734335321,0.13086250997719173,0.5444716146367656,0.5389163904250189,250,4972.667690566667,4986.753534238116
3_estimated_excess_displacement_pop,4_flood_p95,-481.3294596650376,0.06633288946458976,4_waste_count,45.190702954869444,0.3746909303513194,3_worldpop_safe,0.07735799583904693,0.13114303775318287,0.5438871810422057,0.538279236546823,248,4934.902918187602,4948.956633172262
3_estimated_excess_displacement_pop,4_flood_p95,-585.1935582481574,0.08203042682889236,4_waste_count_final,45.17899781895734,0.37335533956412836,3_worldpop,0.07733260011981158,0.13319171463039553,0.5362373037920936,0.5299132670256221,224,4480.298994846984,4493.945579054404
3_estimated_excess_displacement_pop,4_flood_p95,-585.1935582481574,0.08203042682889236,4_waste_count_final,45.17899781895734,0.37335533956412836,3_worldpop_safe,0.07733260011981158,0.13319171463039553,0.5362373037920936,0.5299132670256221,224,4480.298994846984,4493.945579054404
3_estimated_excess_displacement_pop,4_flood_p95,-585.1922603517044,0.08203043739655401,4_waste_per_quadkey_area,268461.978666645,0.37344019926635164,3_worldpop,0.07733786505886257,0.13315668198196948,0.5362321183071115,0.5299080108294811,224,4480.301499451497,4493.948083658917
3_estimated_excess_displacement_pop,4_flood_p95,-585.1922603517044,0.08203043739655401,4_waste_per_quadkey_area,268461.978666645,0.37344019926635164,3_worldpop_safe,0.07733786505886257,0.13315668198196948,0.5362321183071115,0.5299080108294811,224,4480.301499451497,4493.948083658917
3_estimated_excess_displacement_pop,4_flood_p95,-376.5472331459306,0.13026241411477324,4_waste_count,93.30402050350665,7.01761707852445e-05,3_fb_baseline_median,1.7376537881537915,0.0002856479823809712,0.5271629617514135,0.5213966564069186,250,4981.990882921891,4996.07672659334
3_estimated_excess_displacement_pop,4_flood_p95,-417.3883916286623,0.12894702708552064,4_waste_count,93.43632454877417,7.131431234642401e-05,3_fb_baseline_safe,1.7416554593712241,0.0003146158901229509,0.523597788116319,0.5175160577518465,239,4773.712631361315,4787.618485569042
3_estimated_excess_displacement_pop,4_flood_p95,-590.0659890128204,0.0746965732880673,4_waste_per_population,168.08230836722046,0.6030384212298413,3_worldpop,0.10177958559344182,9.364944538007025e-05,0.5220505379153128,0.5155330452505216,224,4487.048564690716,4500.695148898137
3_estimated_excess_displacement_pop,4_flood_p95,-590.0659890128204,0.0746965732880673,4_waste_per_population,168.08230836722046,0.6030384212298413,3_worldpop_safe,0.10177958559344182,9.364944538007025e-05,0.5220505379153128,0.5155330452505216,224,4487.048564690716,4500.695148898137
3_estimated_excess_displacement_pop,4_flood_p95,-565.9094715768848,0.09718161495700811,4_waste_per_svi_count,2.52841861608848,0.9883450297828391,3_worldpop,0.10157069941414162,0.018604834542575003,0.5212305340965605,0.5147018595615136,224,4487.432545596718,4501.079129804139
3_estimated_excess_displacement_pop,4_flood_p95,-565.9094715768848,0.09718161495700811,4_waste_per_svi_count,2.52841861608848,0.9883450297828391,3_worldpop_safe,0.10157069941414162,0.018604834542575003,0.5212305340965605,0.5147018595615136,224,4487.432545596718,4501.079129804139
3_estimated_excess_displacement_pop,4_flood_p95,-484.94340433637086,0.12618801054949264,4_waste_count_final,93.359634276729,7.776183362418259e-05,3_fb_baseline_median,1.7430351049192818,0.00033593644680927963,0.518509679098459,0.5119439019952562,224,4488.701937815368,4502.3485220227885
3_estimated_excess_displacement_pop,4_flood_p95,-484.93506897892166,0.12619688948289245,4_waste_per_quadkey_area,554836.0977882049,7.785062061692022e-05,3_fb_baseline_median,1.7431360369364817,0.0003358936089068471,0.5184962087027646,0.5119302479123478,224,4488.708204455211,4502.354788662631
3_estimated_excess_displacement_pop,4_flood_p95,-488.55048992954386,0.1261829388869686,4_waste_count_final,93.36476598706639,7.801862221498521e-05,3_fb_baseline_safe,1.742503488756746,0.0003584127941790161,0.5158309903198997,0.5090435742963468,218,4374.588222699672,4388.126202950828
3_estimated_excess_displacement_pop,4_flood_p95,-488.54212749520235,0.12619180948323738,4_waste_per_quadkey_area,554866.5922937394,7.810766530790102e-05,3_fb_baseline_safe,1.742604316982022,0.0003583673773651992,0.5158174435331973,0.5090298376014197,218,4374.594322136291,4388.132302387447
3_estimated_outflow_pop_from_2_outflow_max,4_flood_p95,224.8648487831113,0.7394469512055393,4_waste_per_svi_count,619.9969885085247,0.0002707675764244206,3_fb_baseline_median,2.1736694199180224,0.00018356803691915374,0.5033976426285272,0.49662579230073434,224,4636.7240050523405,4650.370589259761
3_estimated_outflow_pop_from_2_outflow_max,4_flood_p95,227.30141426366205,0.7386698578167418,4_waste_per_svi_count,620.2801184232841,0.0002754047014907417,3_fb_baseline_safe,2.1760967663395334,0.0001922408666614972,0.5002900795857643,0.4932848003276209,218,4518.64942605907,4532.187406310226
3_estimated_outflow_pop_from_1_outflow_accumulated_hour0,4_flood_p95,172.94704288809118,0.5109394845055097,4_waste_count,32.79195972432647,0.2965413519528419,3_fb_baseline_median,3.0135916821406665,0.0002034454095065337,0.49440054989557936,0.48823470294308646,250,5022.633808019515,5036.7196516909635
3_estimated_outflow_pop_from_1_outflow_accumulated_hour0,4_flood_p95,182.34333287036716,0.5807983915639303,4_waste_per_svi_count,158.56614869417186,0.272549969735547,3_fb_baseline_median,3.0646914561578895,2.1914421822595497e-05,0.4929465801137095,0.4860322152970783,224,4523.213381956117,4536.859966163537
3_estimated_outflow_pop_from_1_outflow_accumulated_hour0,4_flood_p95,169.91349541863346,0.559581155794155,4_waste_count,32.87709620953703,0.2965344469424456,3_fb_baseline_safe,3.0252204705718615,0.00023122739041852057,0.49196423652057264,0.4854786735825375,239,4812.558739362559,4826.464593570286
3_estimated_outflow_pop_from_1_outflow_max_hour0,4_flood_p95,158.38944513873693,0.5290957814190631,4_waste_count,31.59681373395784,0.21551376474843864,3_fb_baseline_median,2.4584086734457475,0.0001156171923026924,0.4913270905396947,0.48512376237554466,250,4938.098913071698,4952.184756743147
3_estimated_outflow_pop_from_1_outflow_accumulated_hour0,4_flood_p95,186.91404127717888,0.5737959605212675,4_waste_per_svi_count,159.7088550858185,0.2701284410076621,3_fb_baseline_safe,3.0741983640011212,2.3606720465447895e-05,0.49152784703248664,0.4843997327385495,218,4407.975849046793,4421.513829297949
3_estimated_outflow_pop_from_1_outflow_max_hour0,4_flood_p95,159.48425472741152,0.5676617027426278,4_waste_count,31.648852827067138,0.215588284176765,3_fb_baseline_safe,2.466665203383314,0.000132269571450729,0.4886007122804671,0.4820722107351114,239,4731.789352422607,4745.695206630334
3_estimated_outflow_pop_from_1_outflow_accumulated_hour0,4_flood_p95,170.21371284394093,0.6142609274706745,4_waste_count_final,32.76215728203208,0.29960880704750403,3_fb_baseline_median,3.0306114465601395,0.00025281254260648046,0.48802843688375575,0.4810470064776251,224,4525.375591236232,4539.0221754436525
3_estimated_outflow_pop_from_1_outflow_accumulated_hour0,4_flood_p95,170.22048430368733,0.6142475803138691,4_waste_per_quadkey_area,194693.70631991234,0.29966630961405694,3_fb_baseline_median,3.030674223804199,0.0002528169401075238,0.4880253205601529,0.48104384765870045,224,4525.376954699387,4539.0235389068075
3_estimated_outflow_pop_from_1_outflow_max_hour0,4_flood_p95,180.54581763615062,0.5723638022630541,4_waste_per_svi_count,139.56212075594027,0.20637199671366213,3_fb_baseline_median,2.537057065146929,1.1277944693300583e-05,0.48687969417526544,0.4798825990958372,224,4448.584849176743,4462.231433384163
3_estimated_outflow_pop_from_1_outflow_accumulated_hour0,4_flood_p95,174.20406052605642,0.6085692026162192,4_waste_count_final,32.82322798980111,0.29956460696551646,3_fb_baseline_safe,3.0397224563719765,0.0002760359493665601,0.48640920303899593,0.4792093320535613,218,4410.159420459896,4423.697400711052
3_estimated_outflow_pop_from_1_outflow_accumulated_hour0,4_flood_p95,174.21085278966163,0.608555998342226,4_waste_per_quadkey_area,195056.66813064867,0.29962200923625737,3_fb_baseline_safe,3.039785163538901,0.0002760404199943994,0.4864060694836375,0.4792061545698567,218,4410.160750532375,4423.698730783531
3_estimated_outflow_pop_from_1_outflow_max_hour0,4_flood_p95,184.31175202736492,0.5669243665235644,4_waste_per_svi_count,140.42622613211054,0.2044498532735587,3_fb_baseline_safe,2.5442631600881733,1.215160973502988e-05,0.4852246375243008,0.47800816048024897,218,4335.387638487296,4348.925618738452
3_estimated_outflow_pop_from_1_outflow_max_hour0,4_flood_p95,164.65137654655808,0.6114702261752258,4_waste_count_final,31.51136997262951,0.2186194529844968,3_fb_baseline_median,2.4699429103723465,0.00014576409070834898,0.4843564454174405,0.47732494240040557,224,4449.683660822233,4463.330245029653
3_estimated_outflow_pop_from_1_outflow_max_hour0,4_flood_p95,164.65677978065145,0.611459497324883,4_waste_per_quadkey_area,187264.10925726558,0.21866938790685597,3_fb_baseline_median,2.4699953980269873,0.0001457719142054365,0.48435300884580146,0.47732145896642597,224,4449.685153693567,4463.331737900988
3_estimated_outflow_pop_from_1_outflow_max_hour0,4_flood_p95,167.86268465589043,0.6070917898645288,4_waste_count_final,31.555475361940303,0.21862438792137806,3_fb_baseline_safe,2.4766313093710903,0.00015888575859751363,0.4825270742082288,0.47527278085600777,218,4336.527035177586,4350.065015428742
3_estimated_outflow_pop_from_1_outflow_max_hour0,4_flood_p95,167.86810456233354,0.6070811684781877,4_waste_per_quadkey_area,187526.24067483857,0.2186742572830842,3_fb_baseline_safe,2.4766837398916706,0.00015889399612799138,0.4825236193709317,0.475269277586412,218,4336.528490619947,4350.066470871103
3_estimated_excess_displacement_pop,4_flood_p95,-408.1340155846141,0.2032104525038676,4_waste_per_svi_count,322.4552129562431,0.004322594392479791,3_fb_baseline_median,2.183222967291055,3.3733075234047e-05,0.48167795877064856,0.4746099309357028,224,4505.21311697133,4518.859701178751
3_estimated_excess_displacement_pop,4_flood_p95,-409.99892338646885,0.2044089089497716,4_waste_per_svi_count,322.8412862508919,0.0043449255464185705,3_fb_baseline_safe,2.1862472383765605,3.571147958155804e-05,0.478837484278805,0.47153146770327425,218,4390.639101447316,4404.177081698472
3_estimated_outflow_pop_from_1_outflow_accumulated_hour0,4_flood_p95,276.63557656315743,0.43177229245572457,4_waste_per_population,-297.60528811306585,0.712104646323515,3_fb_baseline_median,3.500266765550366,6.207392594910282e-07,0.47690111225267395,0.4697679456015741,224,4530.19191410854,4543.83849831596
3_estimated_outflow_pop_from_1_outflow_accumulated_hour0,4_flood_p95,280.14288273988717,0.4291901858158518,4_waste_per_population,-292.9986901854037,0.7150200680629585,3_fb_baseline_safe,3.507581914628849,7.235857064623254e-07,0.47511291863949334,0.4677546885269629,218,4414.90229883237,4428.440279083527
3_estimated_outflow_pop_from_1_outflow_max_hour0,4_flood_p95,261.44322677454704,0.44892156302650643,4_waste_per_population,-247.2830780590024,0.7004010620014263,3_fb_baseline_median,2.9196821197326766,2.4242066869126503e-07,0.469051798523609,0.4618115957762037,224,4456.2353755332715,4469.881959740692
3_estimated_outflow_pop_from_1_outflow_max_hour0,4_flood_p95,264.3673900137867,0.44708103866137683,4_waste_per_population,-244.15745007955275,0.7030458477510872,3_fb_baseline_safe,2.9247067324573606,2.8446926051778194e-07,0.46705047606583683,0.459579221057414,218,4342.951388664733,4356.489368915889
3_estimated_excess_displacement_pop,4_flood_p95,-307.7865309960536,0.3876347516587192,4_waste_per_population,34.46535574149148,0.7135672075355498,3_fb_baseline_median,3.036393396428327,1.5003163388770408e-06,0.3975787087157533,0.38936387292551355,224,4538.893817375202,4552.5404015826225
3_estimated_excess_displacement_pop,4_flood_p95,-310.5516351488731,0.38698100673779234,4_waste_per_population,32.91569507290292,0.7202450656104926,3_fb_baseline_safe,3.033754367284631,1.7879331102787567e-06,0.3942272930783628,0.38573515232712496,218,4423.435658257138,4436.973638508294
3_pct_outflow_worldpop_from_1_outflow_accumulated_hour0,4_flood_p95,0.4119297718652136,0.47725697742926243,4_waste_count_final,-0.13818223886061476,1.6915985400882523e-14,3_fb_baseline_median,0.005175024285420428,1.0737907311308117e-23,0.34240835565018357,0.3334411968635952,224,1631.4273867677125,1645.0739709751326
3_pct_outflow_worldpop_from_1_outflow_accumulated_hour0,4_flood_p95,0.4119313465279762,0.4772550187909783,4_waste_per_quadkey_area,-821.2591306160542,1.6907781344508182e-14,3_fb_baseline_median,0.0051749738448505405,1.0733276917782689e-23,0.34240733736841333,0.33344016469616444,224,1631.4277336318219,1645.074317839242
3_pct_outflow_worldpop_from_1_outflow_accumulated_hour0,4_flood_p95,0.1812185962703951,0.7072730291118995,4_waste_count,-0.13604026998966023,9.627033751780678e-14,3_fb_baseline_median,0.005263527818837336,1.8807913601846053e-23,0.3414312822613096,0.3333341258956699,248,1793.0343977043176,1807.0881126889776
3_pct_outflow_fb_from_1_outflow_accumulated_hour0,4_flood_p95,0.3961388371799592,0.4978980227984815,4_waste_count_final,-0.13862174033608146,7.79854020654282e-15,3_fb_baseline_median,0.005113709164485016,5.294423322312693e-24,0.33808084247086545,0.32880160194475616,218,1591.3832447746609,1604.9212250258172
3_pct_outflow_fb_from_1_outflow_accumulated_hour0,4_flood_p95,0.3961388371799592,0.4978980227984815,4_waste_count_final,-0.13862174033608146,7.79854020654282e-15,3_fb_baseline_safe,0.005113709164485016,5.294423322312693e-24,0.33808084247086545,0.32880160194475616,218,1591.3832447746609,1604.9212250258172
3_pct_outflow_worldpop_from_1_outflow_accumulated_hour0,4_flood_p95,0.3961388371799593,0.4978980227984815,4_waste_count_final,-0.13862174033608146,7.79854020654282e-15,3_fb_baseline_safe,0.005113709164485017,5.2944233223124664e-24,0.33808084247086545,0.32880160194475616,218,1591.3832447746609,1604.9212250258172
3_pct_outflow_worldpop_from_1_outflow_accumulated_hour0,4_flood_p95,0.3961404346640688,0.49789601449446796,4_waste_per_quadkey_area,-823.8712529386556,7.795038274206368e-15,3_fb_baseline_safe,0.00511365862330223,5.292635757485666e-24,0.33807980869130194,0.3288005536729558,218,1591.3835852448926,1604.921565496049
3_pct_outflow_fb_from_1_outflow_accumulated_hour0,4_flood_p95,0.39614043466406884,0.49789601449446785,4_waste_per_quadkey_area,-823.8712529386556,7.795038274206452e-15,3_fb_baseline_median,0.00511365862330223,5.29263575748578e-24,0.33807980869130183,0.3288005536729556,218,1591.3835852448924,1604.9215654960487
3_pct_outflow_fb_from_1_outflow_accumulated_hour0,4_flood_p95,0.39614043466406884,0.49789601449446785,4_waste_per_quadkey_area,-823.8712529386556,7.795038274206452e-15,3_fb_baseline_safe,0.00511365862330223,5.29263575748578e-24,0.33807980869130183,0.3288005536729556,218,1591.3835852448924,1604.9215654960487
3_estimated_outflow_pop_from_2_outflow_max,4_flood_p95,426.3747119447199,0.6139687711445874,4_waste_per_population,6.306530594026057,0.9871795438379903,3_fb_baseline_median,3.817148946853436,9.194369924146923e-06,0.3377280876532106,0.32869710703029986,224,4701.210602387369,4714.85718659479
3_pct_outflow_worldpop_from_1_outflow_accumulated_hour0,4_flood_p95,0.3484723081484647,0.5071657512811101,4_waste_count,-0.1371045689466275,1.6928453156111488e-14,3_fb_baseline_safe,0.005169082041853802,5.833746340872505e-24,0.33530995828636434,0.32675171740593123,237,1720.1038130112315,1733.976053575772
3_estimated_outflow_pop_from_2_outflow_max,4_flood_p95,427.4187043836029,0.6157333905849515,4_waste_per_population,-0.3086275398913809,0.999358184356726,3_fb_baseline_safe,3.8073278273094737,1.0848128747820009e-05,0.3337542819318715,0.3244143886879258,218,4581.35293558711,4594.890915838266
3_pct_outflow_worldpop_from_1_outflow_accumulated_hour0,4_flood_p95,0.3185876049362334,0.5950583710236867,4_waste_per_svi_count,-0.5395828852593595,1.7265401523478161e-15,3_fb_baseline_median,0.004688714451612567,1.0827298911415233e-22,0.32848711646622175,0.31933012259985205,224,1636.1199772379782,1649.7665614453983
3_pct_outflow_fb_from_1_outflow_accumulated_hour0,4_flood_p95,0.3598808770355048,0.49336351884057517,4_waste_count,-0.1375152096462348,1.0783224624825035e-14,3_fb_baseline_median,0.005141949304089324,3.735854315712095e-24,0.32507640902425616,0.31646036318201265,239,1741.4855416376226,1755.3913958453486
3_pct_outflow_fb_from_1_outflow_accumulated_hour0,4_flood_p95,0.3598808770355048,0.49336351884057517,4_waste_count,-0.1375152096462348,1.0783224624825035e-14,3_fb_baseline_safe,0.005141949304089324,3.735854315712095e-24,0.32507640902425616,0.31646036318201265,239,1741.4855416376226,1755.3913958453486
3_pct_outflow_fb_from_1_outflow_accumulated_hour0,4_flood_p95,0.30118248345567183,0.6181622073057056,4_waste_per_svi_count,-0.5465211929724758,1.3928300588333414e-15,3_fb_baseline_median,0.004631559981011451,9.75724509734658e-23,0.325826929312761,0.3163759049573325,218,1595.3821123927526,1608.920092643909
3_pct_outflow_fb_from_1_outflow_accumulated_hour0,4_flood_p95,0.30118248345567183,0.6181622073057056,4_waste_per_svi_count,-0.5465211929724758,1.3928300588333414e-15,3_fb_baseline_safe,0.004631559981011451,9.75724509734658e-23,0.325826929312761,0.3163759049573325,218,1595.3821123927526,1608.920092643909
3_pct_outflow_worldpop_from_1_outflow_accumulated_hour0,4_flood_p95,0.3011824834556718,0.6181622073057057,4_waste_per_svi_count,-0.5465211929724758,1.3928300588333266e-15,3_fb_baseline_safe,0.004631559981011451,9.75724509734658e-23,0.325826929312761,0.3163759049573325,218,1595.3821123927526,1608.920092643909
3_pct_outflow_worldpop_from_1_outflow_max_hour0,4_flood_p95,-0.08378383683904017,0.8293180086049097,4_waste_count,-0.1144877987218944,2.904910348044767e-14,3_fb_baseline_median,0.004378951957078959,3.172789805926839e-27,0.3172220004087951,0.30882718893841143,248,1729.5350975049564,1743.5888124896164
3_pct_outflow_worldpop_from_1_outflow_max_hour0,4_flood_p95,0.058693009532483575,0.8988727566819273,4_waste_count_final,-0.11624040237661756,7.366427049264202e-15,3_fb_baseline_median,0.004298327559003195,6.952890371920188e-27,0.3150736434287532,0.30573373856641806,224,1575.4869747516877,1589.1335589591079
3_pct_outflow_worldpop_from_1_outflow_max_hour0,4_flood_p95,0.058693994011347284,0.8988710250429023,4_waste_per_quadkey_area,-690.8510772105108,7.366759166714428e-15,3_fb_baseline_median,0.004298282708536137,6.958622960235679e-27,0.3150723239338109,0.30573240107836286,224,1575.4874062821427,1589.1339904895628
3_pct_outflow_worldpop_from_1_outflow_max_hour0,4_flood_p95,0.044529196033696,0.9157521009673006,4_waste_count,-0.11539001054548653,7.541126936451842e-15,3_fb_baseline_safe,0.004293685169976777,4.357843275019022e-27,0.3101225296911658,0.30123998715500055,237,1659.2746541301728,1673.1468946947134
3_pct_outflow_fb_from_1_outflow_max_hour0,4_flood_p95,0.04161623978527208,0.928796235754493,4_waste_count_final,-0.11664520393869514,5.07940702141689e-15,3_fb_baseline_median,0.004241020125165702,1.1530003816200682e-26,0.3107804004761838,0.3011184434735136,218,1536.6451577714668,1550.183138022623
3_pct_outflow_fb_from_1_outflow_max_hour0,4_flood_p95,0.04161623978527208,0.928796235754493,4_waste_count_final,-0.11664520393869514,5.07940702141689e-15,3_fb_baseline_safe,0.004241020125165702,1.1530003816200682e-26,0.3107804004761838,0.3011184434735136,218,1536.6451577714668,1550.183138022623
3_pct_outflow_worldpop_from_1_outflow_max_hour0,4_flood_p95,0.04161623978527213,0.9287962357544929,4_waste_count_final,-0.11664520393869514,5.079407021416723e-15,3_fb_baseline_safe,0.004241020125165703,1.1530003816200191e-26,0.3107804004761838,0.3011184434735136,218,1536.6451577714668,1550.183138022623
3_pct_outflow_worldpop_from_1_outflow_max_hour0,4_flood_p95,0.04161724346431277,0.928794490495172,4_waste_per_quadkey_area,-693.2569645801253,5.079946543409698e-15,3_fb_baseline_safe,0.004240975186812868,1.1541637116706356e-26,0.3107790574458196,0.3011170816156208,218,1536.6455825712467,1550.183562822403
3_pct_outflow_fb_from_1_outflow_max_hour0,4_flood_p95,0.04161724346431277,0.928794490495172,4_waste_per_quadkey_area,-693.2569645801252,5.079946543409698e-15,3_fb_baseline_median,0.004240975186812867,1.1541637116706851e-26,0.31077905744581946,0.3011170816156207,218,1536.6455825712467,1550.183562822403
3_pct_outflow_fb_from_1_outflow_max_hour0,4_flood_p95,0.04161724346431277,0.928794490495172,4_waste_per_quadkey_area,-693.2569645801252,5.079946543409698e-15,3_fb_baseline_safe,0.004240975186812867,1.1541637116706851e-26,0.31077905744581946,0.3011170816156207,218,1536.6455825712467,1550.183562822403
3_pct_outflow_worldpop_from_1_outflow_max_hour0,4_flood_p95,-0.01788333328893077,0.9702486424775848,4_waste_per_svi_count,-0.45985789667078714,5.01159476908581e-16,3_fb_baseline_median,0.0039050267033179193,2.4971408052750416e-22,0.3046881863339127,0.2952066616021024,224,1578.8579673007084,1592.5045515081285
3_pct_outflow_fb_from_1_outflow_max_hour0,4_flood_p95,-0.03622541595717695,0.9402720211896642,4_waste_per_svi_count,-0.4662666134087256,5.715495022752523e-16,3_fb_baseline_median,0.0038521100059567127,5.643400837520317e-22,0.3022487026135039,0.292467142369768,218,1539.3271658764704,1552.8651461276268
3_pct_outflow_fb_from_1_outflow_max_hour0,4_flood_p95,-0.03622541595717695,0.9402720211896642,4_waste_per_svi_count,-0.4662666134087256,5.715495022752523e-16,3_fb_baseline_safe,0.0038521100059567127,5.643400837520317e-22,0.3022487026135039,0.292467142369768,218,1539.3271658764704,1552.8651461276268
3_pct_outflow_worldpop_from_1_outflow_max_hour0,4_flood_p95,-0.036225415957176904,0.9402720211896644,4_waste_per_svi_count,-0.4662666134087257,5.715495022752646e-16,3_fb_baseline_safe,0.003852110005956713,5.643400837520317e-22,0.3022487026135039,0.292467142369768,218,1539.3271658764704,1552.8651461276268
3_pct_outflow_fb_from_1_outflow_max_hour0,4_flood_p95,0.055780487117497106,0.8945868274445002,4_waste_count,-0.11577367883739172,5.549649950771513e-15,3_fb_baseline_median,0.004268539529968584,4.944683731241264e-27,0.29893866107778866,0.2899889418575051,239,1681.3452730345068,1695.2511272422328
3_pct_outflow_fb_from_1_outflow_max_hour0,4_flood_p95,0.055780487117497106,0.8945868274445002,4_waste_count,-0.11577367883739172,5.549649950771513e-15,3_fb_baseline_safe,0.004268539529968584,4.944683731241264e-27,0.29893866107778866,0.2899889418575051,239,1681.3452730345068,1695.2511272422328
3_pct_outflow_worldpop_from_1_outflow_accumulated_hour0,4_flood_p95,0.16501027653435368,0.7960078278898106,4_waste_per_population,-0.1580286444537472,0.8731381123722266,3_fb_baseline_median,0.003266170079056299,3.202489494716902e-08,0.21733849704666697,0.20666584018821244,224,1670.4294060002521,1684.0759902076722
3_pct_outflow_worldpop_from_1_outflow_accumulated_hour0,4_flood_p95,0.1532216461916566,0.8120928882441375,4_waste_per_population,-0.19892762687793372,0.8529213392416257,3_fb_baseline_safe,0.003203398988011121,9.729403636400427e-08,0.21016290313517227,0.19909042046884295,218,1629.9002015049202,1643.4381817560766
3_pct_outflow_fb_from_1_outflow_accumulated_hour0,4_flood_p95,0.1532216461916566,0.8120928882441375,4_waste_per_population,-0.19892762687793375,0.8529213392416256,3_fb_baseline_median,0.003203398988011121,9.729403636400395e-08,0.21016290313517216,0.19909042046884284,218,1629.9002015049202,1643.4381817560766
3_pct_outflow_fb_from_1_outflow_accumulated_hour0,4_flood_p95,0.1532216461916566,0.8120928882441375,4_waste_per_population,-0.19892762687793375,0.8529213392416256,3_fb_baseline_safe,0.003203398988011121,9.729403636400395e-08,0.21016290313517216,0.19909042046884284,218,1629.9002015049202,1643.4381817560766
3_pct_outflow_worldpop_from_1_outflow_max_hour0,4_flood_p95,-0.16313417889613854,0.7453318401823668,4_waste_per_population,-0.03414779790171674,0.9677652703962396,3_fb_baseline_median,0.0026875437026950867,1.1248395044913868e-06,0.19643694953508606,0.18547927157420085,224,1611.269704234262,1624.9162884416821
3_pct_outflow_worldpop_from_1_outflow_max_hour0,4_flood_p95,-0.17637238372912054,0.7280389392314057,4_waste_per_population,-0.0719872709213304,0.9377254969898914,3_fb_baseline_safe,0.0026292061993034204,2.998480820335241e-06,0.18912641814885833,0.1777590314873938,218,1572.0815417950794,1585.6195220462357
3_pct_outflow_fb_from_1_outflow_max_hour0,4_flood_p95,-0.17637238372912067,0.7280389392314054,4_waste_per_population,-0.07198727092133043,0.9377254969898913,3_fb_baseline_median,0.00262920619930342,2.998480820335223e-06,0.1891264181488581,0.17775903148739358,218,1572.0815417950794,1585.6195220462357
3_pct_outflow_fb_from_1_outflow_max_hour0,4_flood_p95,-0.17637238372912067,0.7280389392314054,4_waste_per_population,-0.07198727092133043,0.9377254969898913,3_fb_baseline_safe,0.00262920619930342,2.998480820335223e-06,0.1891264181488581,0.17775903148739358,218,1572.0815417950794,1585.6195220462357
2_outflow_max,4_flood_p95,-4.318384883081823,0.747621593374254,4_waste_count,4.596635645389852,0.027888653889149174,3_worldpop,0.0005620649280731129,0.6741090039981558,0.12470524549363726,0.11403091921916941,250,3814.158834990274,3828.244678661723
2_outflow_max,4_flood_p95,-4.713680519633398,0.7254932107701213,4_waste_count,4.593283717469377,0.0280070903142883,3_worldpop_safe,0.000555588371732665,0.6775037840738414,0.12407789962632587,0.11330836560533797,248,3785.591630173266,3799.645345157926
2_outflow_max,4_flood_p95,1.958781807417564,0.9124357372098517,4_waste_count_final,4.538134477235166,0.02981777763073446,3_worldpop,0.0004831134394053986,0.7180554097346683,0.11642835628765857,0.10437965205521749,224,3441.709336438951,3455.3559206463715
2_outflow_max,4_flood_p95,1.958781807417564,0.9124357372098517,4_waste_count_final,4.538134477235166,0.02981777763073446,3_worldpop_safe,0.0004831134394053986,0.7180554097346683,0.11642835628765857,0.10437965205521749,224,3441.709336438951,3455.3559206463715
2_outflow_max,4_flood_p95,1.9586895659696157,0.9124400262325059,4_waste_per_quadkey_area,26969.546256394613,0.02982150226718809,3_worldpop,0.0004833580841995751,0.7179053530637887,0.11642493576412616,0.10437618488818234,224,3441.710203596463,3455.3567878038834
2_outflow_max,4_flood_p95,1.9586895659696157,0.9124400262325059,4_waste_per_quadkey_area,26969.546256394613,0.02982150226718809,3_worldpop_safe,0.0004833580841995751,0.7179053530637887,0.11642493576412616,0.10437618488818234,224,3441.710203596463,3455.3567878038834
3_pct_outflow_worldpop_from_2_outflow_max,4_flood_p95,-0.9629548057108928,0.14699977793257113,4_waste_count,-0.019390779762198627,0.38057577181962776,3_fb_baseline_median,0.002635042815828978,7.637651214299941e-06,0.09952317162646829,0.08845173521203953,248,1926.2196237524645,1940.2733387371245
2_displaced_excess_max,4_flood_p95,-9.008739151084448,0.4614546149585127,4_waste_count,3.7289625181833306,0.10190252803252332,3_worldpop,0.00029496033850765505,0.822350674926139,0.09753465687930107,0.08652898196319503,250,3753.758695712897,3767.844539384346
2_displaced_excess_max,4_flood_p95,-9.323209806507553,0.44583861665025637,4_waste_count,3.72636573916336,0.10216947398285922,3_worldpop_safe,0.0002899351528511006,0.8252786185229468,0.09705790408549886,0.08595615700458281,248,3725.7001365838937,3739.7538515685537
3_pct_outflow_worldpop_from_2_outflow_max,4_flood_p95,-0.6809193579528444,0.3710384951214313,4_waste_per_population,1.1480078520074155,0.27945380282261134,3_fb_baseline_median,0.002064486420389998,0.00022854942316569542,0.09483623069159686,0.08249308838284586,224,1738.7825979097847,1752.4291821172048
2_displaced_excess_max,4_flood_p95,-5.6648435980559055,0.7295797756031575,4_waste_count_final,3.6876774591704975,0.10597405379902497,3_worldpop,0.00023922937063545634,0.8560742303639854,0.09074599100213832,0.07834707269762198,224,3387.9215817493714,3401.5681659567917
2_displaced_excess_max,4_flood_p95,-5.6648435980559055,0.7295797756031575,4_waste_count_final,3.6876774591704975,0.10597405379902497,3_worldpop_safe,0.00023922937063545634,0.8560742303639854,0.09074599100213832,0.07834707269762198,224,3387.9215817493714,3401.5681659567917
2_displaced_excess_max,4_flood_p95,-5.664862331270362,0.729579975383436,4_waste_per_quadkey_area,21914.604724788074,0.10599109979347623,3_worldpop,0.00023949994648545826,0.8559031375880644,0.0907411923639816,0.0783422086234904,224,3387.9227639186,3401.5693481260205
2_displaced_excess_max,4_flood_p95,-5.664862331270362,0.729579975383436,4_waste_per_quadkey_area,21914.604724788074,0.10599109979347623,3_worldpop_safe,0.00023949994648545826,0.8559031375880644,0.0907411923639816,0.0783422086234904,224,3387.9227639186,3401.5693481260205
2_outflow_max,4_flood_p95,1.5770906506766647,0.935177904732349,4_waste_per_population,16.131809661006884,0.7994136760514716,3_worldpop,0.0029391683796412185,0.00011335834320259177,0.08814501973710664,0.07571063364261266,224,3448.7672595460267,3462.413843753447
2_outflow_max,4_flood_p95,1.5770906506766647,0.935177904732349,4_waste_per_population,16.131809661006884,0.7994136760514716,3_worldpop_safe,0.0029391683796412185,0.00011335834320259177,0.08814501973710664,0.07571063364261266,224,3448.7672595460267,3462.413843753447
2_outflow_max,4_flood_p95,3.9523805215831658,0.8328573033448479,4_waste_per_svi_count,2.3915525761233942,0.7237025656100595,3_worldpop,0.002664221619057343,0.023772382015519917,0.08711122791394399,0.07466274465822498,224,3449.02106986089,3462.66765406831
2_outflow_max,4_flood_p95,3.9523805215831658,0.8328573033448479,4_waste_per_svi_count,2.3915525761233942,0.7237025656100595,3_worldpop_safe,0.002664221619057343,0.023772382015519917,0.08711122791394399,0.07466274465822498,224,3449.02106986089,3462.66765406831
3_pct_outflow_fb_from_2_outflow_max,4_flood_p95,-0.6969314122356718,0.3315130174903217,4_waste_count,-0.02112125028381306,0.351534405627445,3_fb_baseline_median,0.0024585654083824128,8.847613438479237e-05,0.08445195690824081,0.07276410954962265,239,1854.7243402233685,1868.6301944310944
3_pct_outflow_fb_from_2_outflow_max,4_flood_p95,-0.6969314122356718,0.3315130174903217,4_waste_count,-0.02112125028381306,0.351534405627445,3_fb_baseline_safe,0.0024585654083824128,8.847613438479237e-05,0.08445195690824081,0.07276410954962265,239,1854.7243402233685,1868.6301944310944
3_pct_outflow_fb_from_2_outflow_max,4_flood_p95,-0.715864786654445,0.34946392754762623,4_waste_per_population,1.053931653125289,0.23810083312968333,3_fb_baseline_median,0.001919219665937077,0.0008118271408796962,0.08472378290261773,0.0718928078965797,218,1690.6493146909738,1704.1872949421302
3_pct_outflow_fb_from_2_outflow_max,4_flood_p95,-0.715864786654445,0.34946392754762623,4_waste_per_population,1.053931653125289,0.23810083312968333,3_fb_baseline_safe,0.001919219665937077,0.0008118271408796962,0.08472378290261773,0.0718928078965797,218,1690.6493146909738,1704.1872949421302
3_pct_outflow_worldpop_from_2_outflow_max,4_flood_p95,-0.715864786654445,0.34946392754762623,4_waste_per_population,1.0539316531252891,0.2381008331296831,3_fb_baseline_safe,0.0019192196659370768,0.0008118271408796985,0.08472378290261773,0.0718928078965797,218,1690.6493146909738,1704.1872949421302
3_pct_outflow_worldpop_from_2_outflow_max,4_flood_p95,-0.7232423880732581,0.3150064969725741,4_waste_count,-0.021386483194960587,0.34854292768345685,3_fb_baseline_safe,0.002429383798784716,0.00013006005807105324,0.08301290805171435,0.07120620729701532,237,1839.5613109144451,1853.4335514789857
3_pct_outflow_worldpop_from_2_outflow_max,4_flood_p95,-0.4734926032240089,0.5448444564736952,4_waste_count_final,-0.022246140407573757,0.3273353186358353,3_fb_baseline_median,0.00243160286244136,0.00012271722729356667,0.0821789887014277,0.06966324763826537,224,1741.8931754600421,1755.5397596674622
3_pct_outflow_worldpop_from_2_outflow_max,4_flood_p95,-0.47349431481551996,0.5448428347458452,4_waste_per_quadkey_area,-132.2095994836883,0.32735785439427323,3_fb_baseline_median,0.00243158076499496,0.000122743172284476,0.08217871524092346,0.06966297044875425,224,1741.893242199791,1755.5398264072112
3_pct_outflow_worldpop_from_2_outflow_max,4_flood_p95,-0.4890973348444525,0.5319272153059631,4_waste_per_svi_count,-0.08509938435576099,0.38534420288641213,3_fb_baseline_median,0.0023486216433088844,7.391817528868071e-05,0.08177215875587418,0.0692508700116361,224,1741.9924428724198,1755.63902707984
3_pct_outflow_fb_from_2_outflow_max,4_flood_p95,-0.5337069752476296,0.49905450313620947,4_waste_per_svi_count,-0.09954796945816946,0.3153547092817969,3_fb_baseline_median,0.0022291405053942253,0.0002680626895005966,0.07453132178630406,0.061557461811345804,218,1693.0635321501832,1706.6015124013395
3_pct_outflow_fb_from_2_outflow_max,4_flood_p95,-0.5337069752476296,0.49905450313620947,4_waste_per_svi_count,-0.09954796945816946,0.3153547092817969,3_fb_baseline_safe,0.0022291405053942253,0.0002680626895005966,0.07453132178630406,0.061557461811345804,218,1693.0635321501832,1706.6015124013395
3_pct_outflow_worldpop_from_2_outflow_max,4_flood_p95,-0.5337069752476293,0.4990545031362096,4_waste_per_svi_count,-0.09954796945816949,0.3153547092817969,3_fb_baseline_safe,0.0022291405053942253,0.000268062689500597,0.07453132178630406,0.061557461811345804,218,1693.0635321501832,1706.6015124013395
3_pct_outflow_fb_from_2_outflow_max,4_flood_p95,-0.5203411886852554,0.508836688009259,4_waste_count_final,-0.023241041780032487,0.3207569737143229,3_fb_baseline_median,0.0022891503651309365,0.0006463607619395459,0.07431678484563464,0.06133991734347066,218,1693.1140618268055,1706.6520420779618
3_pct_outflow_fb_from_2_outflow_max,4_flood_p95,-0.5203411886852554,0.508836688009259,4_waste_count_final,-0.023241041780032487,0.3207569737143229,3_fb_baseline_safe,0.0022891503651309365,0.0006463607619395459,0.07431678484563464,0.06133991734347066,218,1693.1140618268055,1706.6520420779618
3_pct_outflow_worldpop_from_2_outflow_max,4_flood_p95,-0.5203411886852551,0.5088366880092592,4_waste_count_final,-0.023241041780032487,0.3207569737143229,3_fb_baseline_safe,0.0022891503651309365,0.0006463607619395459,0.07431678484563453,0.06133991734347055,218,1693.1140618268055,1706.6520420779618
3_pct_outflow_worldpop_from_2_outflow_max,4_flood_p95,-0.5203428717801625,0.5088351435436185,4_waste_per_quadkey_area,-138.12266907996707,0.32077848083361216,3_fb_baseline_safe,0.0022891280863946662,0.0006464623927645593,0.07431648764291998,0.06133961597436288,218,1693.1141318185482,1706.6521120697046
3_pct_outflow_fb_from_2_outflow_max,4_flood_p95,-0.5203428717801627,0.5088351435436184,4_waste_per_quadkey_area,-138.12266907996707,0.32077848083361216,3_fb_baseline_median,0.0022891280863946662,0.0006464623927645593,0.07431648764291987,0.06133961597436277,218,1693.1141318185482,1706.6521120697046
3_pct_outflow_fb_from_2_outflow_max,4_flood_p95,-0.5203428717801627,0.5088351435436184,4_waste_per_quadkey_area,-138.12266907996707,0.32077848083361216,3_fb_baseline_safe,0.0022891280863946662,0.0006464623927645593,0.07431648764291987,0.06133961597436277,218,1693.1141318185482,1706.6521120697046
2_displaced_excess_max,4_flood_p95,-6.040707458485671,0.7230949782339496,4_waste_per_population,13.567101819587926,0.7831171169084014,3_worldpop,0.002234765585539848,0.000621335507294996,0.06640272702404426,0.05367185511982664,224,3393.839811159105,3407.4863953665254
2_displaced_excess_max,4_flood_p95,-6.040707458485671,0.7230949782339496,4_waste_per_population,13.567101819587926,0.7831171169084014,3_worldpop_safe,0.002234765585539848,0.000621335507294996,0.06640272702404426,0.05367185511982664,224,3393.839811159105,3407.4863953665254
2_displaced_excess_max,4_flood_p95,-4.08772864430569,0.8073053753768961,4_waste_per_svi_count,0.3226536237281139,0.9597776550635788,3_worldpop,0.002203840587436582,0.03081053356321805,0.06503503086483986,0.052285508558451266,224,3394.167725303434,3407.8143095108544
2_displaced_excess_max,4_flood_p95,-4.08772864430569,0.8073053753768961,4_waste_per_svi_count,0.3226536237281139,0.9597776550635788,3_worldpop_safe,0.002203840587436582,0.03081053356321805,0.06503503086483986,0.052285508558451266,224,3394.167725303434,3407.8143095108544
1_outflow_accumulated_hour0,4_flood_p95,5.137214954700092,0.7517426599689896,4_waste_count,1.1226971371528696,0.7068037925466201,3_worldpop,0.0018137109986911132,0.22423255900716177,0.050892720763993204,0.03931824174891996,250,3881.0717123100476,3895.1575559814964
1_outflow_accumulated_hour0,4_flood_p95,12.645703280722838,0.5614460997187459,4_waste_per_svi_count,-10.513442737834621,0.1548682235792946,3_worldpop,0.003558634203907722,0.0010083080212233595,0.05218503009901565,0.039260280509456735,224,3500.685243561371,3514.3318277687913
1_outflow_accumulated_hour0,4_flood_p95,12.645703280722838,0.5614460997187459,4_waste_per_svi_count,-10.513442737834621,0.1548682235792946,3_worldpop_safe,0.003558634203907722,0.0010083080212233595,0.05218503009901565,0.039260280509456735,224,3500.685243561371,3514.3318277687913
1_outflow_accumulated_hour0,4_flood_p95,4.8262666180753335,0.7664205845882046,4_waste_count,1.1203723201094928,0.7074261754659945,3_worldpop_safe,0.0018091845173013653,0.22529423628275314,0.05054684698558687,0.03887324264524561,248,3852.036753693679,3866.090468678339
1_outflow_accumulated_hour0,4_flood_p95,12.471286285921524,0.5628782884672767,4_waste_count_final,1.0639709909911326,0.7216007406911111,3_worldpop,0.0017336664342613765,0.24704994310016204,0.04627132499758968,0.033265933974829465,224,3502.078505521922,3515.7250897293425
1_outflow_accumulated_hour0,4_flood_p95,12.471286285921524,0.5628782884672767,4_waste_count_final,1.0639709909911326,0.7216007406911111,3_worldpop_safe,0.0017336664342613765,0.24704994310016204,0.04627132499758968,0.033265933974829465,224,3502.078505521922,3515.7250897293425
1_outflow_accumulated_hour0,4_flood_p95,12.471432295251066,0.5628734723760752,4_waste_per_quadkey_area,6320.699984204104,0.7216963527923939,3_worldpop,0.0017339378101156985,0.24692660343877304,0.0462701708535328,0.03326476409244461,224,3502.0787765928453,3515.7253608002657
1_outflow_accumulated_hour0,4_flood_p95,12.471432295251066,0.5628734723760752,4_waste_per_quadkey_area,6320.699984204104,0.7216963527923939,3_worldpop_safe,0.0017339378101156985,0.24692660343877304,0.0462701708535328,0.03326476409244461,224,3502.0787765928453,3515.7253608002657
1_outflow_accumulated_hour0,4_flood_p95,12.892238611466995,0.548504182147231,4_waste_per_population,0.2205893463073254,0.9926732322590354,3_worldpop,0.0023114203224692165,0.00010064441103810322,0.044922387190707846,0.03189860156149016,224,3502.3951035140517,3516.041687721472
1_outflow_accumulated_hour0,4_flood_p95,12.892238611466995,0.548504182147231,4_waste_per_population,0.2205893463073254,0.9926732322590354,3_worldpop_safe,0.0023114203224692165,0.00010064441103810322,0.044922387190707846,0.03189860156149016,224,3502.3951035140517,3516.041687721472
1_outflow_max_hour0,4_flood_p95,9.192608938831478,0.6500780997048561,4_waste_per_svi_count,-9.513659006651576,0.14056716963304508,3_worldpop,0.0029637181399674666,0.001438271455836873,0.044869034777752614,0.030753798838507485,207,3195.0882887822827,3208.419163955344
1_outflow_max_hour0,4_flood_p95,9.192608938831478,0.6500780997048561,4_waste_per_svi_count,-9.513659006651576,0.14056716963304508,3_worldpop_safe,0.0029637181399674666,0.001438271455836873,0.044869034777752614,0.030753798838507485,207,3195.0882887822827,3208.419163955344
1_outflow_max_hour0,4_flood_p95,7.597775513991116,0.6745933505207664,4_waste_count,1.0000789508943635,0.6953498335688051,3_worldpop,0.0013837532693560845,0.28584342841288524,0.0424174493552939,0.029477144616851803,226,3469.9274371520514,3483.6095771491405
1_outflow_max_hour0,4_flood_p95,7.2519404140252215,0.6886703388558763,4_waste_count,0.9974504717749489,0.6961687326519763,3_worldpop_safe,0.0013788226977036466,0.2874449537803613,0.0420125215706062,0.028949055955659886,224,3441.23248740016,3454.8790716075805
1_outflow_max_hour0,4_flood_p95,9.001409525399236,0.6545580294904421,4_waste_count_final,0.9584991094160388,0.7077957305355318,3_worldpop,0.0013267771500878633,0.30653465871273866,0.038487299820112564,0.024277752526813634,207,3196.4667651698755,3209.797640342937
1_outflow_max_hour0,4_flood_p95,9.001409525399236,0.6545580294904421,4_waste_count_final,0.9584991094160388,0.7077957305355318,3_worldpop_safe,0.0013267771500878633,0.30653465871273866,0.038487299820112564,0.024277752526813634,207,3196.4667651698755,3209.797640342937
1_outflow_max_hour0,4_flood_p95,9.00154012871346,0.6545529493168514,4_waste_per_quadkey_area,5694.295797219729,0.7078875173197337,3_worldpop,0.0013270054758829468,0.3064018135308906,0.03848614505731751,0.024276580698558536,207,3196.467013773721,3209.7978889467827
1_outflow_max_hour0,4_flood_p95,9.00154012871346,0.6545529493168514,4_waste_per_quadkey_area,5694.295797219729,0.7078875173197337,3_worldpop_safe,0.0013270054758829468,0.3064018135308906,0.03848614505731751,0.024276580698558536,207,3196.467013773721,3209.7978889467827
1_outflow_max_hour0,4_flood_p95,9.72621412544771,0.627372159669499,4_waste_per_population,-1.7114675218020352,0.9223735541750238,3_worldpop,0.0018458821348119254,0.00019069083182981974,0.037054639233145115,0.02282391961590091,207,3196.7749670499843,3210.105842223046
1_outflow_max_hour0,4_flood_p95,9.72621412544771,0.627372159669499,4_waste_per_population,-1.7114675218020352,0.9223735541750238,3_worldpop_safe,0.0018458821348119254,0.00019069083182981974,0.037054639233145115,0.02282391961590091,207,3196.7749670499843,3210.105842223046
3_pct_outflow_worldpop_from_2_outflow_max,4_flood_p95,-1.0772519723791998,0.10855172670877149,4_waste_count,0.06074927423487944,0.0364622715375322,3_worldpop,-6.133885513358046e-06,0.8176556198961907,0.031527679276807996,0.019620232710539143,248,1944.2729004557445,1958.3266154404046
3_pct_outflow_worldpop_from_2_outflow_max,4_flood_p95,-1.0772519723791998,0.10855172670877149,4_waste_count,0.06074927423487944,0.0364622715375322,3_worldpop_safe,-6.133885513358046e-06,0.8176556198961907,0.031527679276807996,0.019620232710539143,248,1944.2729004557445,1958.3266154404046
3_pct_outflow_fb_from_1_outflow_accumulated_hour0,4_flood_p95,0.22248881674174525,0.7428852938018391,4_waste_per_svi_count,-0.37458047539206635,0.00043017373477762525,3_worldpop,5.570762335773446e-05,0.0023407458642485056,0.031139874405010648,0.017557723111622958,218,1674.436192035266,1687.9741722864223
3_pct_outflow_fb_from_1_outflow_accumulated_hour0,4_flood_p95,0.22248881674174525,0.7428852938018391,4_waste_per_svi_count,-0.37458047539206635,0.00043017373477762525,3_worldpop_safe,5.570762335773446e-05,0.0023407458642485056,0.031139874405010648,0.017557723111622958,218,1674.436192035266,1687.9741722864223
3_pct_outflow_worldpop_from_1_outflow_accumulated_hour0,4_flood_p95,0.24742813498134886,0.7134635177464153,4_waste_per_svi_count,-0.36039824889089656,0.0006631036627086321,3_worldpop,5.639021171822488e-05,0.002107308701806717,0.030164937950365345,0.016939914376961185,224,1718.46076800744,1732.1073522148602
3_pct_outflow_worldpop_from_1_outflow_accumulated_hour0,4_flood_p95,0.24742813498134886,0.7134635177464153,4_waste_per_svi_count,-0.36039824889089656,0.0006631036627086321,3_worldpop_safe,5.639021171822488e-05,0.002107308701806717,0.030164937950365345,0.016939914376961185,224,1718.46076800744,1732.1073522148602
3_pct_outflow_fb_from_1_outflow_max_hour0,4_flood_p95,-0.10280803714334924,0.8464867579142824,4_waste_per_svi_count,-0.32691503152569196,0.0004116295233198842,3_worldpop,4.7015357493949865e-05,0.003267335205712045,0.030163213836320923,0.016567371039633905,218,1611.1069497962792,1624.6449300474355
3_pct_outflow_fb_from_1_outflow_max_hour0,4_flood_p95,-0.10280803714334924,0.8464867579142824,4_waste_per_svi_count,-0.32691503152569196,0.0004116295233198842,3_worldpop_safe,4.7015357493949865e-05,0.003267335205712045,0.030163213836320923,0.016567371039633905,218,1611.1069497962792,1624.6449300474355
3_pct_outflow_worldpop_from_1_outflow_max_hour0,4_flood_p95,-0.07824208940022298,0.8820604834833533,4_waste_per_svi_count,-0.3141603332817396,0.0006424151131622637,3_worldpop,4.762547053008428e-05,0.002953154616557878,0.02873573145936803,0.015491218706541243,224,1653.7273229293842,1667.3739071368043
3_pct_outflow_worldpop_from_1_outflow_max_hour0,4_flood_p95,-0.07824208940022298,0.8820604834833533,4_waste_per_svi_count,-0.3141603332817396,0.0006424151131622637,3_worldpop_safe,4.762547053008428e-05,0.002953154616557878,0.02873573145936803,0.015491218706541243,224,1653.7273229293842,1667.3739071368043
3_pct_outflow_worldpop_from_2_outflow_max,4_flood_p95,-0.67196211159864,0.3990279010121328,4_waste_per_population,1.2855607572599452,0.42963930585661836,3_worldpop,1.9149112067501718e-05,0.22915617609257855,0.028560072417111226,0.015313164313708216,224,1754.6112318350233,1768.2578160424434
3_pct_outflow_worldpop_from_2_outflow_max,4_flood_p95,-0.67196211159864,0.3990279010121328,4_waste_per_population,1.2855607572599452,0.42963930585661836,3_worldpop_safe,1.9149112067501718e-05,0.22915617609257855,0.028560072417111226,0.015313164313708216,224,1754.6112318350233,1768.2578160424434
3_pct_outflow_fb_from_2_outflow_max,4_flood_p95,-0.7022762797994964,0.38009882200045986,4_waste_per_population,1.17140658115532,0.40701466501122074,3_worldpop,1.5445040554171256e-05,0.3224176237284775,0.023798619265733234,0.010113553180673418,218,1704.697889022302,1718.2358692734583
3_pct_outflow_fb_from_2_outflow_max,4_flood_p95,-0.7022762797994964,0.38009882200045986,4_waste_per_population,1.17140658115532,0.40701466501122074,3_worldpop_safe,1.5445040554171256e-05,0.3224176237284775,0.023798619265733234,0.010113553180673418,218,1704.697889022302,1718.2358692734583
3_pct_outflow_fb_from_2_outflow_max,4_flood_p95,-0.7683129500681387,0.28958564784915897,4_waste_count,0.05827763086696148,0.041146082989455754,3_worldpop,-1.0040533868196889e-05,0.7012159750959763,0.02241332558766762,0.009933495701552775,239,1870.3941642416867,1884.3000184494126
3_pct_outflow_fb_from_2_outflow_max,4_flood_p95,-0.7984030942667447,0.2723353905947127,4_waste_count,0.05791844087546088,0.04208374098024534,3_worldpop_safe,-1.072089407293719e-05,0.6811694302074401,0.022109832466099322,0.009518971939911691,237,1854.8013505787185,1868.673591143259
3_pct_outflow_worldpop_from_2_outflow_max,4_flood_p95,-0.5118671870178655,0.5162575451612545,4_waste_count_final,0.05678094429587663,0.04533744044561962,3_worldpop,-1.0994005670388518e-05,0.6740815736248456,0.01871244967524255,0.005331255807177637,224,1756.870519133689,1770.517103341109
3_pct_outflow_worldpop_from_2_outflow_max,4_flood_p95,-0.5118671870178655,0.5162575451612545,4_waste_count_final,0.05678094429587663,0.04533744044561962,3_worldpop_safe,-1.0994005670388518e-05,0.6740815736248456,0.01871244967524255,0.005331255807177637,224,1756.870519133689,1770.517103341109
3_pct_outflow_worldpop_from_2_outflow_max,4_flood_p95,-0.5118691992708098,0.5162555889650664,4_waste_per_quadkey_area,337.4537969722891,0.045346822243712503,3_worldpop,-1.0992040254444327e-05,0.6741316952189679,0.01871203044303238,0.005330830858164659,224,1756.8706148324418,1770.517199039862
3_pct_outflow_worldpop_from_2_outflow_max,4_flood_p95,-0.5118691992708098,0.5162555889650664,4_waste_per_quadkey_area,337.4537969722891,0.045346822243712503,3_worldpop_safe,-1.0992040254444327e-05,0.6741316952189679,0.01871203044303238,0.005330830858164659,224,1756.8706148324418,1770.517199039862
3_pct_outflow_fb_from_2_outflow_max,4_flood_p95,-0.5581261926322187,0.48245738208334876,4_waste_count_final,0.05503390656846859,0.050521144028142256,3_worldpop,-1.3936332331454351e-05,0.5892442612482189,0.01639220847060885,0.0026033141968323514,218,1706.3456058130964,1719.8835860642528
3_pct_outflow_fb_from_2_outflow_max,4_flood_p95,-0.5581261926322187,0.48245738208334876,4_waste_count_final,0.05503390656846859,0.050521144028142256,3_worldpop_safe,-1.3936332331454351e-05,0.5892442612482189,0.01639220847060885,0.0026033141968323514,218,1706.3456058130964,1719.8835860642528
3_pct_outflow_fb_from_2_outflow_max,4_flood_p95,-0.5581281551336551,0.4824555149771884,4_waste_per_quadkey_area,327.0708495865573,0.05053127566303238,3_worldpop,-1.3934413573993324e-05,0.5892895634174875,0.01639178688601073,0.0026028867021697932,218,1706.345699250159,1719.8836795013153
3_pct_outflow_fb_from_2_outflow_max,4_flood_p95,-0.5581281551336551,0.4824555149771884,4_waste_per_quadkey_area,327.0708495865573,0.05053127566303238,3_worldpop_safe,-1.3934413573993324e-05,0.5892895634174875,0.01639178688601073,0.0026028867021697932,218,1706.345699250159,1719.8836795013153
3_pct_outflow_worldpop_from_1_outflow_accumulated_hour0,4_flood_p95,-0.0661065376285667,0.9043621075035985,4_waste_count,-0.04409862880102321,0.21074178029850632,3_worldpop,4.2701131526023156e-05,0.04300482150002295,0.014548386462193141,0.0024321780990232966,248,1892.9861244676085,1907.0398394522686
3_pct_outflow_worldpop_from_1_outflow_accumulated_hour0,4_flood_p95,-0.0661065376285667,0.9043621075035985,4_waste_count,-0.04409862880102321,0.21074178029850632,3_worldpop_safe,4.2701131526023156e-05,0.04300482150002295,0.014548386462193141,0.0024321780990232966,248,1892.9861244676085,1907.0398394522686
3_pct_outflow_worldpop_from_1_outflow_max_hour0,4_flood_p95,-0.28937931176331483,0.5058946028451957,4_waste_count,-0.03740714227512859,0.2163229536884934,3_worldpop,3.504864209800815e-05,0.059430765016542264,0.013873459976614488,0.0017489533369826615,248,1820.7035960710346,1834.7573110556946
3_pct_outflow_worldpop_from_1_outflow_max_hour0,4_flood_p95,-0.28937931176331483,0.5058946028451957,4_waste_count,-0.03740714227512859,0.2163229536884934,3_worldpop_safe,3.504864209800815e-05,0.059430765016542264,0.013873459976614488,0.0017489533369826615,248,1820.7035960710346,1834.7573110556946
3_pct_outflow_fb_from_1_outflow_accumulated_hour0,4_flood_p95,0.15346814388179714,0.7985719276226427,4_waste_count,-0.04585196634338712,0.19452411724284913,3_worldpop_safe,3.990048976487791e-05,0.0612456321260744,0.012742756939331912,3.129029048209997e-05,237,1813.8633373726686,1827.7355779372092
3_pct_outflow_fb_from_1_outflow_accumulated_hour0,4_flood_p95,0.175452070133929,0.7708096394378748,4_waste_count,-0.04613558107812871,0.19207519854047927,3_worldpop,3.9406630165924524e-05,0.06501778676858912,0.012195222322066823,-0.0004150514355236723,239,1832.517199767478,1846.4230539752039
3_pct_outflow_worldpop_from_1_outflow_accumulated_hour0,4_flood_p95,0.2769084728702873,0.6788681120654685,4_waste_per_quadkey_area,-278.6539599793414,0.18557974375588893,3_worldpop,3.9104242575673954e-05,0.06846667646027173,0.012894365654948836,-0.0005661657224838024,224,1722.414601296825,1736.061185504245
3_pct_outflow_worldpop_from_1_outflow_accumulated_hour0,4_flood_p95,0.2769084728702873,0.6788681120654685,4_waste_per_quadkey_area,-278.6539599793414,0.18557974375588893,3_worldpop_safe,3.9104242575673954e-05,0.06846667646027173,0.012894365654948836,-0.0005661657224838024,224,1722.414601296825,1736.061185504245
3_pct_outflow_worldpop_from_1_outflow_accumulated_hour0,4_flood_p95,0.2769051895666794,0.6788720669753139,4_waste_count_final,-0.04688330247122763,0.1856394727747782,3_worldpop,3.910379484311083e-05,0.06848999041153987,0.012893456912991041,-0.0005670868563771858,224,1722.4148075139692,1736.0613917213893
3_pct_outflow_worldpop_from_1_outflow_accumulated_hour0,4_flood_p95,0.2769051895666794,0.6788720669753139,4_waste_count_final,-0.04688330247122763,0.1856394727747782,3_worldpop_safe,3.910379484311083e-05,0.06848999041153987,0.012893456912991041,-0.0005670868563771858,224,1722.4148075139692,1736.0613917213893
3_pct_outflow_worldpop_from_2_outflow_max,4_flood_p95,-0.4841133025946316,0.5388188061057038,4_waste_per_svi_count,0.1361369263124301,0.2838556995335977,3_worldpop,3.6969336706398102e-06,0.8766311715081626,0.012179865156585201,-0.001290409409461457,224,1758.3567804606978,1772.003364668118
3_pct_outflow_worldpop_from_2_outflow_max,4_flood_p95,-0.4841133025946316,0.5388188061057038,4_waste_per_svi_count,0.1361369263124301,0.2838556995335977,3_worldpop_safe,3.6969336706398102e-06,0.8766311715081626,0.012179865156585201,-0.001290409409461457,224,1758.3567804606978,1772.003364668118
3_pct_outflow_fb_from_1_outflow_max_hour0,4_flood_p95,-0.11714973751648391,0.8043403568405723,4_waste_count,-0.03892689460733783,0.19936961373074258,3_worldpop_safe,3.260555829148745e-05,0.08149655809303953,0.01116688212923378,-0.0015648747532224228,237,1744.5973977784824,1758.469638343023
3_pct_outflow_fb_from_1_outflow_accumulated_hour0,4_flood_p95,0.25421905056799377,0.7056769563139689,4_waste_per_quadkey_area,-284.67929117256733,0.17790392561174528,3_worldpop,3.7398856766996857e-05,0.08245081476276692,0.011917540923471748,-0.001934082334610343,218,1678.7189988083362,1692.2569790594926
3_pct_outflow_fb_from_1_outflow_accumulated_hour0,4_flood_p95,0.25421905056799377,0.7056769563139689,4_waste_per_quadkey_area,-284.67929117256733,0.17790392561174528,3_worldpop_safe,3.7398856766996857e-05,0.08245081476276692,0.011917540923471748,-0.001934082334610343,218,1678.7189988083362,1692.2569790594926
3_pct_outflow_fb_from_1_outflow_accumulated_hour0,4_flood_p95,0.25421571404996357,0.7056809740919174,4_waste_count_final,-0.04789712559834167,0.17796238963761168,3_worldpop,3.7398436440543993e-05,0.08247671974156186,0.011916597903056436,-0.0019350385749381527,218,1678.7192068662273,1692.2571871173836
3_pct_outflow_fb_from_1_outflow_accumulated_hour0,4_flood_p95,0.25421571404996357,0.7056809740919174,4_waste_count_final,-0.04789712559834167,0.17796238963761168,3_worldpop_safe,3.7398436440543993e-05,0.08247671974156186,0.011916597903056436,-0.0019350385749381527,218,1678.7192068662273,1692.2571871173836
3_pct_outflow_fb_from_1_outflow_max_hour0,4_flood_p95,-0.09698361765950046,0.8378349188435784,4_waste_count,-0.03919808637347321,0.19657952871706275,3_worldpop,3.213252072992596e-05,0.0864934447048236,0.010509132222378592,-0.0021226660896760396,239,1763.7035140366215,1777.6093682443475
3_pct_outflow_worldpop_from_1_outflow_max_hour0,4_flood_p95,-0.05301146526016337,0.9191127115704004,4_waste_per_quadkey_area,-236.37244564733226,0.19062665525930367,3_worldpop,3.196040362344975e-05,0.08919794321570695,0.010776916546440973,-0.002712489137016716,224,1657.8312892850772,1671.4778734924973
3_pct_outflow_worldpop_from_1_outflow_max_hour0,4_flood_p95,-0.05301146526016337,0.9191127115704004,4_waste_per_quadkey_area,-236.37244564733226,0.19062665525930367,3_worldpop_safe,3.196040362344975e-05,0.08919794321570695,0.010776916546440973,-0.002712489137016716,224,1657.8312892850772,1671.4778734924973
3_pct_outflow_worldpop_from_1_outflow_max_hour0,4_flood_p95,-0.05301409600258172,0.9191087974987591,4_waste_count_final,-0.03976983493968979,0.19068110648207048,3_worldpop,3.1960220938723994e-05,0.08922130977330772,0.010776176581944963,-0.0027132391919375554,224,1657.831456842818,1671.478041050238
3_pct_outflow_worldpop_from_1_outflow_max_hour0,4_flood_p95,-0.05301409600258172,0.9191087974987591,4_waste_count_final,-0.03976983493968979,0.19068110648207048,3_worldpop_safe,3.1960220938723994e-05,0.08922130977330772,0.010776176581944963,-0.0027132391919375554,224,1657.831456842818,1671.478041050238
3_pct_outflow_fb_from_1_outflow_max_hour0,4_flood_p95,-0.07558988243055406,0.885622205432439,4_waste_per_quadkey_area,-241.78454714317985,0.1824826033898439,3_worldpop,3.0427473965785204e-05,0.10654543896492408,0.010127515164683798,-0.0037492019124467646,218,1615.5646870406226,1629.102667291779
3_pct_outflow_fb_from_1_outflow_max_hour0,4_flood_p95,-0.07558988243055406,0.885622205432439,4_waste_per_quadkey_area,-241.78454714317985,0.1824826033898439,3_worldpop_safe,3.0427473965785204e-05,0.10654543896492408,0.010127515164683798,-0.0037492019124467646,218,1615.5646870406226,1629.102667291779
3_pct_outflow_fb_from_1_outflow_max_hour0,4_flood_p95,-0.07559256128378675,0.8856183014281083,4_waste_count_final,-0.040680476306877156,0.1825359101937326,3_worldpop,3.0427315857486154e-05,0.10657098129947135,0.01012674606714814,-0.003749981791723478,218,1615.5648564192047,1629.102836670361
3_pct_outflow_fb_from_1_outflow_max_hour0,4_flood_p95,-0.07559256128378675,0.8856183014281083,4_waste_count_final,-0.040680476306877156,0.1825359101937326,3_worldpop_safe,3.0427315857486154e-05,0.10657098129947135,0.01012674606714814,-0.003749981791723478,218,1615.5648564192047,1629.102836670361
3_pct_outflow_fb_from_2_outflow_max,4_flood_p95,-0.531405215196181,0.5039365030857411,4_waste_per_svi_count,0.1128140087017758,0.3676243510780268,3_worldpop,2.5854739682732444e-06,0.9123577878107588,0.009159151043549363,-0.004731141231540947,218,1707.9428249459709,1721.4808051971272
3_pct_outflow_fb_from_2_outflow_max,4_flood_p95,-0.531405215196181,0.5039365030857411,4_waste_per_svi_count,0.1128140087017758,0.3676243510780268,3_worldpop_safe,2.5854739682732444e-06,0.9123577878107588,0.009159151043549363,-0.004731141231540947,218,1707.9428249459709,1721.4808051971272
3_pct_outflow_worldpop_from_1_outflow_accumulated_hour0,4_flood_p95,0.24618973121968094,0.7187540297955048,4_waste_per_population,0.07516953220784507,0.8444420827131212,3_worldpop,1.3599408545863897e-05,0.21119264710180308,0.005322049428768905,-0.008241740806293363,224,1724.126399802305,1737.7729840097252
3_pct_outflow_worldpop_from_1_outflow_accumulated_hour0,4_flood_p95,0.24618973121968094,0.7187540297955048,4_waste_per_population,0.07516953220784507,0.8444420827131212,3_worldpop_safe,1.3599408545863897e-05,0.21119264710180308,0.005322049428768905,-0.008241740806293363,224,1724.126399802305,1737.7729840097252
3_pct_outflow_worldpop_from_1_outflow_max_hour0,4_flood_p95,-0.0926599791637534,0.8626373184231926,4_waste_per_population,0.15859231309840666,0.6374870878402314,3_worldpop,1.0274182908628272e-05,0.25917585358928286,0.0038802621515016122,-0.009703188819159658,224,1659.387551288731,1673.034135496151
3_pct_outflow_worldpop_from_1_outflow_max_hour0,4_flood_p95,-0.0926599791637534,0.8626373184231926,4_waste_per_population,0.15859231309840666,0.6374870878402314,3_worldpop_safe,1.0274182908628272e-05,0.25917585358928286,0.0038802621515016122,-0.009703188819159658,224,1659.387551288731,1673.034135496151
3_pct_outflow_fb_from_1_outflow_accumulated_hour0,4_flood_p95,0.23292247970427774,0.7352467726069307,4_waste_per_population,0.007323245917986923,0.9822760650291945,3_worldpop,1.1404224546760608e-05,0.2977824832567979,0.003791025017468086,-0.010174521360791555,218,1680.5046139068172,1694.0425941579736
3_pct_outflow_fb_from_1_outflow_accumulated_hour0,4_flood_p95,0.23292247970427774,0.7352467726069307,4_waste_per_population,0.007323245917986923,0.9822760650291945,3_worldpop_safe,1.1404224546760608e-05,0.2977824832567979,0.003791025017468086,-0.010174521360791555,218,1680.5046139068172,1694.0425941579736
3_pct_outflow_fb_from_1_outflow_max_hour0,4_flood_p95,-0.10679959235947488,0.8431397671066982,4_waste_per_population,0.0980359156537435,0.7424975313197599,3_worldpop,8.311821808088197e-06,0.36430594013420525,0.002460502604714976,-0.01152369595690117,218,1617.246690615809,1630.7846708669654
3_pct_outflow_fb_from_1_outflow_max_hour0,4_flood_p95,-0.10679959235947488,0.8431397671066982,4_waste_per_population,0.0980359156537435,0.7424975313197599,3_worldpop_safe,8.311821808088197e-06,0.36430594013420525,0.002460502604714976,-0.01152369595690117,218,1617.246690615809,1630.7846708669654
