y,flood,waste,population,nobs,r2,adjr2,aic,bic
1_outflow_accumulated_hour0,4_flood_p95,4_waste_per_quadkey_area,3_fb_baseline_safe,218,0.8501583394848762,0.8480577554589632,3010.400763626323,3023.9387438774797
1_outflow_accumulated_hour0,4_flood_p95,4_waste_count_final,3_fb_baseline_safe,218,0.8501572005102842,0.8480566005174377,3010.402420678952,3023.9404009301084
1_outflow_accumulated_hour0,4_flood_p95,4_waste_per_quadkey_area,3_fb_baseline_median,224,0.8490130613056001,0.8469541485052219,3089.2048664125036,3102.851450619924
1_outflow_accumulated_hour0,4_flood_p95,4_waste_count_final,3_fb_baseline_median,224,0.849011920866558,0.8469529925147383,3089.2065583295853,3102.8531425370056
1_outflow_accumulated_hour0,4_flood_p95,4_waste_count,3_fb_baseline_safe,239,0.8484634308986694,0.8465289215058864,3282.0443209719797,3295.9501751797056
1_outflow_accumulated_hour0,4_flood_p95,4_waste_count,3_fb_baseline_median,250,0.8471381511285484,0.8452739822398722,3424.574894362434,3438.660738033883
1_outflow_max_hour0,4_flood_p95,4_waste_per_quadkey_area,3_fb_baseline_median,207,0.8345107760769922,0.8320651225214798,2832.2292146759246,2845.560089848986
1_outflow_max_hour0,4_flood_p95,4_waste_per_quadkey_area,3_fb_baseline_safe,207,0.8345107760769922,0.8320651225214798,2832.2292146759246,2845.560089848986
1_outflow_max_hour0,4_flood_p95,4_waste_count_final,3_fb_baseline_median,207,0.834510061737516,0.8320643976252625,2832.2301081960513,2845.560983369113
1_outflow_max_hour0,4_flood_p95,4_waste_count_final,3_fb_baseline_safe,207,0.834510061737516,0.8320643976252625,2832.2301081960513,2845.560983369113
1_outflow_max_hour0,4_flood_p95,4_waste_count,3_fb_baseline_median,226,0.8328429952743959,0.8305841168321579,3075.449315746436,3089.131455743525
1_outflow_max_hour0,4_flood_p95,4_waste_count,3_fb_baseline_safe,226,0.8328429952743959,0.8305841168321579,3075.449315746436,3089.131455743525
1_outflow_accumulated_hour0,4_flood_p95,4_waste_per_svi_count,3_fb_baseline_safe,218,0.8292939752411629,0.8269009001277212,3038.8200684531853,3052.358048704342
1_outflow_accumulated_hour0,4_flood_p95,4_waste_per_svi_count,3_fb_baseline_median,224,0.8289560454424351,0.8266236278802864,3117.143766673414,3130.7903508808345
1_outflow_max_hour0,4_flood_p95,4_waste_per_svi_count,3_fb_baseline_median,207,0.8139836733890421,0.8112346636361708,2856.433386622096,2869.7642617951574
1_outflow_max_hour0,4_flood_p95,4_waste_per_svi_count,3_fb_baseline_safe,207,0.8139836733890421,0.8112346636361708,2856.433386622096,2869.7642617951574
2_outflow_max,4_flood_p95,4_waste_count,3_fb_baseline_median,250,0.8111724117984367,0.8088696363325639,3430.727253755289,3444.813097426738
2_outflow_max,4_flood_p95,4_waste_count,3_fb_baseline_safe,239,0.810856333079264,0.8084417330760205,3289.6720263142447,3303.5778805219707
2_outflow_max,4_flood_p95,4_waste_count_final,3_fb_baseline_median,224,0.8096042048552131,0.8070078985577842,3097.8990519493213,3111.5456361567417
2_outflow_max,4_flood_p95,4_waste_per_quadkey_area,3_fb_baseline_median,224,0.8096025509157814,0.8070062220646329,3097.900997794939,3111.5475820023594
2_outflow_max,4_flood_p95,4_waste_per_svi_count,3_fb_baseline_median,224,0.8095378643352313,0.8069406533943482,3097.977087749152,3111.6236719565723
2_outflow_max,4_flood_p95,4_waste_count_final,3_fb_baseline_safe,218,0.8094907720558765,0.8068200819445103,3020.2089768486485,3033.746957099805
2_outflow_max,4_flood_p95,4_waste_per_quadkey_area,3_fb_baseline_safe,218,0.8094891118137691,0.8068183984279809,3020.2108766579454,3033.748856909102
2_outflow_max,4_flood_p95,4_waste_per_svi_count,3_fb_baseline_safe,218,0.8090687453679648,0.8063921389946185,3020.69136851764,3034.2293487687966
2_displaced_excess_max,4_flood_p95,4_waste_per_svi_count,3_fb_baseline_median,224,0.8048509067301158,0.8021897827309811,3043.2167971144677,3056.863381321888
2_displaced_excess_max,4_flood_p95,4_waste_per_svi_count,3_fb_baseline_safe,218,0.8048269864718687,0.802090916188764,2967.138466603007,2980.6764468541637
2_displaced_excess_max,4_flood_p95,4_waste_count,3_fb_baseline_safe,239,0.8042925541018952,0.8017941611755364,3233.1873533348294,3247.0932075425553
2_displaced_excess_max,4_flood_p95,4_waste_count_final,3_fb_baseline_safe,218,0.8040403499827838,0.8012932520853462,2968.0153403689465,2981.553320620103
2_displaced_excess_max,4_flood_p95,4_waste_per_quadkey_area,3_fb_baseline_safe,218,0.8040402324689115,0.8012931329240832,2968.015471100025,2981.5534513511816
2_displaced_excess_max,4_flood_p95,4_waste_count,3_fb_baseline_median,250,0.803628948157567,0.8012341792326593,3372.4776213838422,3386.563465055291
2_displaced_excess_max,4_flood_p95,4_waste_count_final,3_fb_baseline_median,224,0.8035473674504174,0.8008684679156504,3044.7080769423246,3058.354661149745
2_displaced_excess_max,4_flood_p95,4_waste_per_quadkey_area,3_fb_baseline_median,224,0.8035472519751454,0.8008683508657156,3044.7082086099585,3058.354792817379
2_outflow_max,4_flood_p95,4_waste_per_population,3_fb_baseline_median,224,0.751527895088905,0.7481396391128446,3157.53357460434,3171.1801588117605
2_outflow_max,4_flood_p95,4_waste_per_population,3_fb_baseline_safe,218,0.751303896135419,0.7478175021560091,3078.3127458874346,3091.850726138591
2_displaced_excess_max,4_flood_p95,4_waste_per_population,3_fb_baseline_safe,218,0.7266610176856769,0.72282916279342,3040.566600946271,3054.1045811974277
2_displaced_excess_max,4_flood_p95,4_waste_per_population,3_fb_baseline_median,224,0.7262060922787519,0.722472538991644,3119.06584355786,3132.71242776528
1_outflow_accumulated_hour0,4_flood_p95,4_waste_per_population,3_fb_baseline_safe,218,0.6930323478964435,0.6887290630538703,3166.742348703461,3180.2803289546177
1_outflow_accumulated_hour0,4_flood_p95,4_waste_per_population,3_fb_baseline_median,224,0.6920760613572582,0.6878770985575844,3248.8405867194597,3262.48717092688
1_outflow_max_hour0,4_flood_p95,4_waste_per_population,3_fb_baseline_median,207,0.6768891903709684,0.6721141537754655,2970.730688972002,2984.0615641450636
1_outflow_max_hour0,4_flood_p95,4_waste_per_population,3_fb_baseline_safe,207,0.6768891903709684,0.6721141537754655,2970.730688972002,2984.0615641450636
3_estimated_outflow_pop_from_2_outflow_max,4_flood_p95,4_waste_count,3_worldpop,250,0.649500230968594,0.6452258435413818,5065.221750368584,5079.307594040033
3_estimated_outflow_pop_from_2_outflow_max,4_flood_p95,4_waste_count,3_worldpop_safe,248,0.6489549138488208,0.6446387857404046,5026.74229107046,5040.7960060551195
3_estimated_outflow_pop_from_2_outflow_max,4_flood_p95,4_waste_count_final,3_worldpop,224,0.6415636818989288,0.6366759139248233,4563.691356382929,4577.33794059035
3_estimated_outflow_pop_from_2_outflow_max,4_flood_p95,4_waste_count_final,3_worldpop_safe,224,0.6415636818989288,0.6366759139248233,4563.691356382929,4577.33794059035
3_estimated_outflow_pop_from_2_outflow_max,4_flood_p95,4_waste_per_quadkey_area,3_worldpop,224,0.6415635020762284,0.6366757316499951,4563.691468760701,4577.338052968122
3_estimated_outflow_pop_from_2_outflow_max,4_flood_p95,4_waste_per_quadkey_area,3_worldpop_safe,224,0.6415635020762284,0.6366757316499951,4563.691468760701,4577.338052968122
3_estimated_outflow_pop_from_2_outflow_max,4_flood_p95,4_waste_per_svi_count,3_worldpop,224,0.6225289253214401,0.6173815924849142,4575.281773247497,4588.928357454917
3_estimated_outflow_pop_from_2_outflow_max,4_flood_p95,4_waste_per_svi_count,3_worldpop_safe,224,0.6225289253214401,0.6173815924849142,4575.281773247497,4588.928357454917
3_estimated_outflow_pop_from_2_outflow_max,4_flood_p95,4_waste_per_population,3_worldpop,224,0.621507096140274,0.6163458292694595,4575.8873308732,4589.53391508062
3_estimated_outflow_pop_from_2_outflow_max,4_flood_p95,4_waste_per_population,3_worldpop_safe,224,0.621507096140274,0.6163458292694595,4575.8873308732,4589.53391508062
3_estimated_outflow_pop_from_1_outflow_max_hour0,4_flood_p95,4_waste_per_svi_count,3_worldpop,224,0.5875328349234863,0.5819082826724429,4399.6736138442675,4413.320198051688
3_estimated_outflow_pop_from_1_outflow_max_hour0,4_flood_p95,4_waste_per_svi_count,3_worldpop_safe,224,0.5875328349234863,0.5819082826724429,4399.6736138442675,4413.320198051688
3_estimated_outflow_pop_from_1_outflow_accumulated_hour0,4_flood_p95,4_waste_per_svi_count,3_worldpop,224,0.5812538022210649,0.5755436267968067,4480.3506774189755,4493.997261626396
3_estimated_outflow_pop_from_1_outflow_accumulated_hour0,4_flood_p95,4_waste_per_svi_count,3_worldpop_safe,224,0.5812538022210649,0.5755436267968067,4480.3506774189755,4493.997261626396
3_estimated_outflow_pop_from_1_outflow_max_hour0,4_flood_p95,4_waste_count,3_worldpop,250,0.5794436514939871,0.5743149155365967,4890.542232586218,4904.628076257667
3_estimated_outflow_pop_from_1_outflow_max_hour0,4_flood_p95,4_waste_count,3_worldpop_safe,248,0.5790075950625941,0.5738314589363145,4853.473846522559,4867.527561507219
3_estimated_outflow_pop_from_1_outflow_accumulated_hour0,4_flood_p95,4_waste_count,3_worldpop,250,0.5767168959704334,0.5715549068969021,4978.207927175526,4992.293770846974
3_estimated_outflow_pop_from_1_outflow_accumulated_hour0,4_flood_p95,4_waste_count,3_worldpop_safe,248,0.5763036719131971,0.5710942908301626,4940.438162091684,4954.491877076343
3_estimated_outflow_pop_from_1_outflow_max_hour0,4_flood_p95,4_waste_per_quadkey_area,3_worldpop,224,0.5731660353694085,0.5673455722153549,4407.343036321872,4420.989620529293
3_estimated_outflow_pop_from_1_outflow_max_hour0,4_flood_p95,4_waste_per_quadkey_area,3_worldpop_safe,224,0.5731660353694085,0.5673455722153549,4407.343036321872,4420.989620529293
3_estimated_outflow_pop_from_1_outflow_max_hour0,4_flood_p95,4_waste_count_final,3_worldpop,224,0.5731637828357887,0.5673432889653677,4407.344218435389,4420.990802642809
3_estimated_outflow_pop_from_1_outflow_max_hour0,4_flood_p95,4_waste_count_final,3_worldpop_safe,224,0.5731637828357887,0.5673432889653677,4407.344218435389,4420.990802642809
3_estimated_outflow_pop_from_1_outflow_accumulated_hour0,4_flood_p95,4_waste_per_quadkey_area,3_worldpop,224,0.5707552136007642,0.564901875604411,4485.897443975582,4499.544028183002
3_estimated_outflow_pop_from_1_outflow_accumulated_hour0,4_flood_p95,4_waste_per_quadkey_area,3_worldpop_safe,224,0.5707552136007642,0.564901875604411,4485.897443975582,4499.544028183002
3_estimated_outflow_pop_from_1_outflow_accumulated_hour0,4_flood_p95,4_waste_count_final,3_worldpop,224,0.5707525723008422,0.5648991982867628,4485.898822325141,4499.545406532561
3_estimated_outflow_pop_from_1_outflow_accumulated_hour0,4_flood_p95,4_waste_count_final,3_worldpop_safe,224,0.5707525723008422,0.5648991982867628,4485.898822325141,4499.545406532561
3_estimated_outflow_pop_from_2_outflow_max,4_flood_p95,4_waste_count,3_fb_baseline_median,250,0.5674603604569572,0.5621854868039933,5117.800232065893,5131.886075737342
3_estimated_outflow_pop_from_2_outflow_max,4_flood_p95,4_waste_count,3_fb_baseline_safe,239,0.5635468443497447,0.5579751019371882,4903.672067970177,4917.577922177903
3_estimated_outflow_pop_from_2_outflow_max,4_flood_p95,4_waste_count_final,3_fb_baseline_median,224,0.5578560028219852,0.5518267664968304,4610.705507799343,4624.352092006763
3_estimated_outflow_pop_from_2_outflow_max,4_flood_p95,4_waste_per_quadkey_area,3_fb_baseline_median,224,0.5578499095072433,0.551820590091433,4610.708594787079,4624.3551789944995
3_estimated_outflow_pop_from_2_outflow_max,4_flood_p95,4_waste_count_final,3_fb_baseline_safe,218,0.5551288841749128,0.5488923732054023,4493.308417607128,4506.846397858284
3_estimated_outflow_pop_from_2_outflow_max,4_flood_p95,4_waste_per_quadkey_area,3_fb_baseline_safe,218,0.5551227530518239,0.5488861561319897,4493.311422018014,4506.84940226917
3_estimated_outflow_pop_from_1_outflow_max_hour0,4_flood_p95,4_waste_per_population,3_worldpop,224,0.5522345932440452,0.5461287013337368,4418.0668915361375,4431.713475743558
3_estimated_outflow_pop_from_1_outflow_max_hour0,4_flood_p95,4_waste_per_population,3_worldpop_safe,224,0.5522345932440452,0.5461287013337368,4418.0668915361375,4431.713475743558
3_estimated_outflow_pop_from_1_outflow_accumulated_hour0,4_flood_p95,4_waste_per_population,3_worldpop,224,0.546420245230769,0.5402350667566431,4498.2496473822275,4511.896231589648
3_estimated_outflow_pop_from_1_outflow_accumulated_hour0,4_flood_p95,4_waste_per_population,3_worldpop_safe,224,0.546420245230769,0.5402350667566431,4498.2496473822275,4511.896231589648
3_estimated_excess_displacement_pop,4_flood_p95,4_waste_count,3_worldpop,250,0.5444716146367656,0.5389163904250189,4972.667690566667,4986.753534238116
3_estimated_excess_displacement_pop,4_flood_p95,4_waste_count,3_worldpop_safe,248,0.5438871810422057,0.538279236546823,4934.902918187602,4948.956633172262
3_estimated_excess_displacement_pop,4_flood_p95,4_waste_count_final,3_worldpop,224,0.5362373037920936,0.5299132670256221,4480.298994846984,4493.945579054404
3_estimated_excess_displacement_pop,4_flood_p95,4_waste_count_final,3_worldpop_safe,224,0.5362373037920936,0.5299132670256221,4480.298994846984,4493.945579054404
3_estimated_excess_displacement_pop,4_flood_p95,4_waste_per_quadkey_area,3_worldpop,224,0.5362321183071115,0.5299080108294811,4480.301499451497,4493.948083658917
3_estimated_excess_displacement_pop,4_flood_p95,4_waste_per_quadkey_area,3_worldpop_safe,224,0.5362321183071115,0.5299080108294811,4480.301499451497,4493.948083658917
3_estimated_excess_displacement_pop,4_flood_p95,4_waste_count,3_fb_baseline_median,250,0.5271629617514135,0.5213966564069186,4981.990882921891,4996.07672659334
3_estimated_excess_displacement_pop,4_flood_p95,4_waste_count,3_fb_baseline_safe,239,0.523597788116319,0.5175160577518465,4773.712631361315,4787.618485569042
3_estimated_excess_displacement_pop,4_flood_p95,4_waste_per_population,3_worldpop,224,0.5220505379153128,0.5155330452505216,4487.048564690716,4500.695148898137
3_estimated_excess_displacement_pop,4_flood_p95,4_waste_per_population,3_worldpop_safe,224,0.5220505379153128,0.5155330452505216,4487.048564690716,4500.695148898137
3_estimated_excess_displacement_pop,4_flood_p95,4_waste_per_svi_count,3_worldpop,224,0.5212305340965605,0.5147018595615136,4487.432545596718,4501.079129804139
3_estimated_excess_displacement_pop,4_flood_p95,4_waste_per_svi_count,3_worldpop_safe,224,0.5212305340965605,0.5147018595615136,4487.432545596718,4501.079129804139
3_estimated_excess_displacement_pop,4_flood_p95,4_waste_count_final,3_fb_baseline_median,224,0.518509679098459,0.5119439019952562,4488.701937815368,4502.3485220227885
3_estimated_excess_displacement_pop,4_flood_p95,4_waste_per_quadkey_area,3_fb_baseline_median,224,0.5184962087027646,0.5119302479123478,4488.708204455211,4502.354788662631
3_estimated_excess_displacement_pop,4_flood_p95,4_waste_count_final,3_fb_baseline_safe,218,0.5158309903198997,0.5090435742963468,4374.588222699672,4388.126202950828
3_estimated_excess_displacement_pop,4_flood_p95,4_waste_per_quadkey_area,3_fb_baseline_safe,218,0.5158174435331973,0.5090298376014197,4374.594322136291,4388.132302387447
3_estimated_outflow_pop_from_2_outflow_max,4_flood_p95,4_waste_per_svi_count,3_fb_baseline_median,224,0.5033976426285272,0.49662579230073434,4636.7240050523405,4650.370589259761
3_estimated_outflow_pop_from_2_outflow_max,4_flood_p95,4_waste_per_svi_count,3_fb_baseline_safe,218,0.5002900795857643,0.4932848003276209,4518.64942605907,4532.187406310226
3_estimated_outflow_pop_from_1_outflow_accumulated_hour0,4_flood_p95,4_waste_count,3_fb_baseline_median,250,0.49440054989557936,0.48823470294308646,5022.633808019515,5036.7196516909635
3_estimated_outflow_pop_from_1_outflow_accumulated_hour0,4_flood_p95,4_waste_per_svi_count,3_fb_baseline_median,224,0.4929465801137095,0.4860322152970783,4523.213381956117,4536.859966163537
3_estimated_outflow_pop_from_1_outflow_accumulated_hour0,4_flood_p95,4_waste_count,3_fb_baseline_safe,239,0.49196423652057264,0.4854786735825375,4812.558739362559,4826.464593570286
3_estimated_outflow_pop_from_1_outflow_max_hour0,4_flood_p95,4_waste_count,3_fb_baseline_median,250,0.4913270905396947,0.48512376237554466,4938.098913071698,4952.184756743147
3_estimated_outflow_pop_from_1_outflow_accumulated_hour0,4_flood_p95,4_waste_per_svi_count,3_fb_baseline_safe,218,0.49152784703248664,0.4843997327385495,4407.975849046793,4421.513829297949
3_estimated_outflow_pop_from_1_outflow_max_hour0,4_flood_p95,4_waste_count,3_fb_baseline_safe,239,0.4886007122804671,0.4820722107351114,4731.789352422607,4745.695206630334
3_estimated_outflow_pop_from_1_outflow_accumulated_hour0,4_flood_p95,4_waste_count_final,3_fb_baseline_median,224,0.48802843688375575,0.4810470064776251,4525.375591236232,4539.0221754436525
3_estimated_outflow_pop_from_1_outflow_accumulated_hour0,4_flood_p95,4_waste_per_quadkey_area,3_fb_baseline_median,224,0.4880253205601529,0.48104384765870045,4525.376954699387,4539.0235389068075
3_estimated_outflow_pop_from_1_outflow_max_hour0,4_flood_p95,4_waste_per_svi_count,3_fb_baseline_median,224,0.48687969417526544,0.4798825990958372,4448.584849176743,4462.231433384163
3_estimated_outflow_pop_from_1_outflow_accumulated_hour0,4_flood_p95,4_waste_count_final,3_fb_baseline_safe,218,0.48640920303899593,0.4792093320535613,4410.159420459896,4423.697400711052
3_estimated_outflow_pop_from_1_outflow_accumulated_hour0,4_flood_p95,4_waste_per_quadkey_area,3_fb_baseline_safe,218,0.4864060694836375,0.4792061545698567,4410.160750532375,4423.698730783531
3_estimated_outflow_pop_from_1_outflow_max_hour0,4_flood_p95,4_waste_per_svi_count,3_fb_baseline_safe,218,0.4852246375243008,0.47800816048024897,4335.387638487296,4348.925618738452
3_estimated_outflow_pop_from_1_outflow_max_hour0,4_flood_p95,4_waste_count_final,3_fb_baseline_median,224,0.4843564454174405,0.47732494240040557,4449.683660822233,4463.330245029653
3_estimated_outflow_pop_from_1_outflow_max_hour0,4_flood_p95,4_waste_per_quadkey_area,3_fb_baseline_median,224,0.48435300884580146,0.47732145896642597,4449.685153693567,4463.331737900988
3_estimated_outflow_pop_from_1_outflow_max_hour0,4_flood_p95,4_waste_count_final,3_fb_baseline_safe,218,0.4825270742082288,0.47527278085600777,4336.527035177586,4350.065015428742
3_estimated_outflow_pop_from_1_outflow_max_hour0,4_flood_p95,4_waste_per_quadkey_area,3_fb_baseline_safe,218,0.4825236193709317,0.475269277586412,4336.528490619947,4350.066470871103
3_estimated_excess_displacement_pop,4_flood_p95,4_waste_per_svi_count,3_fb_baseline_median,224,0.48167795877064856,0.4746099309357028,4505.21311697133,4518.859701178751
3_estimated_excess_displacement_pop,4_flood_p95,4_waste_per_svi_count,3_fb_baseline_safe,218,0.478837484278805,0.47153146770327425,4390.639101447316,4404.177081698472
3_estimated_outflow_pop_from_1_outflow_accumulated_hour0,4_flood_p95,4_waste_per_population,3_fb_baseline_median,224,0.47690111225267395,0.4697679456015741,4530.19191410854,4543.83849831596
3_estimated_outflow_pop_from_1_outflow_accumulated_hour0,4_flood_p95,4_waste_per_population,3_fb_baseline_safe,218,0.47511291863949334,0.4677546885269629,4414.90229883237,4428.440279083527
3_estimated_outflow_pop_from_1_outflow_max_hour0,4_flood_p95,4_waste_per_population,3_fb_baseline_median,224,0.469051798523609,0.4618115957762037,4456.2353755332715,4469.881959740692
3_estimated_outflow_pop_from_1_outflow_max_hour0,4_flood_p95,4_waste_per_population,3_fb_baseline_safe,218,0.46705047606583683,0.459579221057414,4342.951388664733,4356.489368915889
3_estimated_excess_displacement_pop,4_flood_p95,4_waste_per_population,3_fb_baseline_median,224,0.3975787087157533,0.38936387292551355,4538.893817375202,4552.5404015826225
3_estimated_excess_displacement_pop,4_flood_p95,4_waste_per_population,3_fb_baseline_safe,218,0.3942272930783628,0.38573515232712496,4423.435658257138,4436.973638508294
3_pct_outflow_worldpop_from_1_outflow_accumulated_hour0,4_flood_p95,4_waste_count_final,3_fb_baseline_median,224,0.34240835565018357,0.3334411968635952,1631.4273867677125,1645.0739709751326
3_pct_outflow_worldpop_from_1_outflow_accumulated_hour0,4_flood_p95,4_waste_per_quadkey_area,3_fb_baseline_median,224,0.34240733736841333,0.33344016469616444,1631.4277336318219,1645.074317839242
3_pct_outflow_worldpop_from_1_outflow_accumulated_hour0,4_flood_p95,4_waste_count,3_fb_baseline_median,248,0.3414312822613096,0.3333341258956699,1793.0343977043176,1807.0881126889776
3_pct_outflow_fb_from_1_outflow_accumulated_hour0,4_flood_p95,4_waste_count_final,3_fb_baseline_median,218,0.33808084247086545,0.32880160194475616,1591.3832447746609,1604.9212250258172
3_pct_outflow_fb_from_1_outflow_accumulated_hour0,4_flood_p95,4_waste_count_final,3_fb_baseline_safe,218,0.33808084247086545,0.32880160194475616,1591.3832447746609,1604.9212250258172
3_pct_outflow_worldpop_from_1_outflow_accumulated_hour0,4_flood_p95,4_waste_count_final,3_fb_baseline_safe,218,0.33808084247086545,0.32880160194475616,1591.3832447746609,1604.9212250258172
3_pct_outflow_worldpop_from_1_outflow_accumulated_hour0,4_flood_p95,4_waste_per_quadkey_area,3_fb_baseline_safe,218,0.33807980869130194,0.3288005536729558,1591.3835852448926,1604.921565496049
3_pct_outflow_fb_from_1_outflow_accumulated_hour0,4_flood_p95,4_waste_per_quadkey_area,3_fb_baseline_median,218,0.33807980869130183,0.3288005536729556,1591.3835852448924,1604.9215654960487
3_pct_outflow_fb_from_1_outflow_accumulated_hour0,4_flood_p95,4_waste_per_quadkey_area,3_fb_baseline_safe,218,0.33807980869130183,0.3288005536729556,1591.3835852448924,1604.9215654960487
3_estimated_outflow_pop_from_2_outflow_max,4_flood_p95,4_waste_per_population,3_fb_baseline_median,224,0.3377280876532106,0.32869710703029986,4701.210602387369,4714.85718659479
3_pct_outflow_worldpop_from_1_outflow_accumulated_hour0,4_flood_p95,4_waste_count,3_fb_baseline_safe,237,0.33530995828636434,0.32675171740593123,1720.1038130112315,1733.976053575772
3_estimated_outflow_pop_from_2_outflow_max,4_flood_p95,4_waste_per_population,3_fb_baseline_safe,218,0.3337542819318715,0.3244143886879258,4581.35293558711,4594.890915838266
3_pct_outflow_worldpop_from_1_outflow_accumulated_hour0,4_flood_p95,4_waste_per_svi_count,3_fb_baseline_median,224,0.32848711646622175,0.31933012259985205,1636.1199772379782,1649.7665614453983
3_pct_outflow_fb_from_1_outflow_accumulated_hour0,4_flood_p95,4_waste_count,3_fb_baseline_median,239,0.32507640902425616,0.31646036318201265,1741.4855416376226,1755.3913958453486
3_pct_outflow_fb_from_1_outflow_accumulated_hour0,4_flood_p95,4_waste_count,3_fb_baseline_safe,239,0.32507640902425616,0.31646036318201265,1741.4855416376226,1755.3913958453486
3_pct_outflow_fb_from_1_outflow_accumulated_hour0,4_flood_p95,4_waste_per_svi_count,3_fb_baseline_median,218,0.325826929312761,0.3163759049573325,1595.3821123927526,1608.920092643909
3_pct_outflow_fb_from_1_outflow_accumulated_hour0,4_flood_p95,4_waste_per_svi_count,3_fb_baseline_safe,218,0.325826929312761,0.3163759049573325,1595.3821123927526,1608.920092643909
3_pct_outflow_worldpop_from_1_outflow_accumulated_hour0,4_flood_p95,4_waste_per_svi_count,3_fb_baseline_safe,218,0.325826929312761,0.3163759049573325,1595.3821123927526,1608.920092643909
3_pct_outflow_worldpop_from_1_outflow_max_hour0,4_flood_p95,4_waste_count,3_fb_baseline_median,248,0.3172220004087951,0.30882718893841143,1729.5350975049564,1743.5888124896164
3_pct_outflow_worldpop_from_1_outflow_max_hour0,4_flood_p95,4_waste_count_final,3_fb_baseline_median,224,0.3150736434287532,0.30573373856641806,1575.4869747516877,1589.1335589591079
3_pct_outflow_worldpop_from_1_outflow_max_hour0,4_flood_p95,4_waste_per_quadkey_area,3_fb_baseline_median,224,0.3150723239338109,0.30573240107836286,1575.4874062821427,1589.1339904895628
3_pct_outflow_worldpop_from_1_outflow_max_hour0,4_flood_p95,4_waste_count,3_fb_baseline_safe,237,0.3101225296911658,0.30123998715500055,1659.2746541301728,1673.1468946947134
3_pct_outflow_fb_from_1_outflow_max_hour0,4_flood_p95,4_waste_count_final,3_fb_baseline_median,218,0.3107804004761838,0.3011184434735136,1536.6451577714668,1550.183138022623
3_pct_outflow_fb_from_1_outflow_max_hour0,4_flood_p95,4_waste_count_final,3_fb_baseline_safe,218,0.3107804004761838,0.3011184434735136,1536.6451577714668,1550.183138022623
3_pct_outflow_worldpop_from_1_outflow_max_hour0,4_flood_p95,4_waste_count_final,3_fb_baseline_safe,218,0.3107804004761838,0.3011184434735136,1536.6451577714668,1550.183138022623
3_pct_outflow_worldpop_from_1_outflow_max_hour0,4_flood_p95,4_waste_per_quadkey_area,3_fb_baseline_safe,218,0.3107790574458196,0.3011170816156208,1536.6455825712467,1550.183562822403
3_pct_outflow_fb_from_1_outflow_max_hour0,4_flood_p95,4_waste_per_quadkey_area,3_fb_baseline_median,218,0.31077905744581946,0.3011170816156207,1536.6455825712467,1550.183562822403
3_pct_outflow_fb_from_1_outflow_max_hour0,4_flood_p95,4_waste_per_quadkey_area,3_fb_baseline_safe,218,0.31077905744581946,0.3011170816156207,1536.6455825712467,1550.183562822403
3_pct_outflow_worldpop_from_1_outflow_max_hour0,4_flood_p95,4_waste_per_svi_count,3_fb_baseline_median,224,0.3046881863339127,0.2952066616021024,1578.8579673007084,1592.5045515081285
3_pct_outflow_fb_from_1_outflow_max_hour0,4_flood_p95,4_waste_per_svi_count,3_fb_baseline_median,218,0.3022487026135039,0.292467142369768,1539.3271658764704,1552.8651461276268
3_pct_outflow_fb_from_1_outflow_max_hour0,4_flood_p95,4_waste_per_svi_count,3_fb_baseline_safe,218,0.3022487026135039,0.292467142369768,1539.3271658764704,1552.8651461276268
3_pct_outflow_worldpop_from_1_outflow_max_hour0,4_flood_p95,4_waste_per_svi_count,3_fb_baseline_safe,218,0.3022487026135039,0.292467142369768,1539.3271658764704,1552.8651461276268
3_pct_outflow_fb_from_1_outflow_max_hour0,4_flood_p95,4_waste_count,3_fb_baseline_median,239,0.29893866107778866,0.2899889418575051,1681.3452730345068,1695.2511272422328
3_pct_outflow_fb_from_1_outflow_max_hour0,4_flood_p95,4_waste_count,3_fb_baseline_safe,239,0.29893866107778866,0.2899889418575051,1681.3452730345068,1695.2511272422328
3_pct_outflow_worldpop_from_1_outflow_accumulated_hour0,4_flood_p95,4_waste_per_population,3_fb_baseline_median,224,0.21733849704666697,0.20666584018821244,1670.4294060002521,1684.0759902076722
3_pct_outflow_worldpop_from_1_outflow_accumulated_hour0,4_flood_p95,4_waste_per_population,3_fb_baseline_safe,218,0.21016290313517227,0.19909042046884295,1629.9002015049202,1643.4381817560766
3_pct_outflow_fb_from_1_outflow_accumulated_hour0,4_flood_p95,4_waste_per_population,3_fb_baseline_median,218,0.21016290313517216,0.19909042046884284,1629.9002015049202,1643.4381817560766
3_pct_outflow_fb_from_1_outflow_accumulated_hour0,4_flood_p95,4_waste_per_population,3_fb_baseline_safe,218,0.21016290313517216,0.19909042046884284,1629.9002015049202,1643.4381817560766
3_pct_outflow_worldpop_from_1_outflow_max_hour0,4_flood_p95,4_waste_per_population,3_fb_baseline_median,224,0.19643694953508606,0.18547927157420085,1611.269704234262,1624.9162884416821
3_pct_outflow_worldpop_from_1_outflow_max_hour0,4_flood_p95,4_waste_per_population,3_fb_baseline_safe,218,0.18912641814885833,0.1777590314873938,1572.0815417950794,1585.6195220462357
3_pct_outflow_fb_from_1_outflow_max_hour0,4_flood_p95,4_waste_per_population,3_fb_baseline_median,218,0.1891264181488581,0.17775903148739358,1572.0815417950794,1585.6195220462357
3_pct_outflow_fb_from_1_outflow_max_hour0,4_flood_p95,4_waste_per_population,3_fb_baseline_safe,218,0.1891264181488581,0.17775903148739358,1572.0815417950794,1585.6195220462357
2_outflow_max,4_flood_p95,4_waste_count,3_worldpop,250,0.12470524549363726,0.11403091921916941,3814.158834990274,3828.244678661723
2_outflow_max,4_flood_p95,4_waste_count,3_worldpop_safe,248,0.12407789962632587,0.11330836560533797,3785.591630173266,3799.645345157926
2_outflow_max,4_flood_p95,4_waste_count_final,3_worldpop,224,0.11642835628765857,0.10437965205521749,3441.709336438951,3455.3559206463715
2_outflow_max,4_flood_p95,4_waste_count_final,3_worldpop_safe,224,0.11642835628765857,0.10437965205521749,3441.709336438951,3455.3559206463715
2_outflow_max,4_flood_p95,4_waste_per_quadkey_area,3_worldpop,224,0.11642493576412616,0.10437618488818234,3441.710203596463,3455.3567878038834
2_outflow_max,4_flood_p95,4_waste_per_quadkey_area,3_worldpop_safe,224,0.11642493576412616,0.10437618488818234,3441.710203596463,3455.3567878038834
3_pct_outflow_worldpop_from_2_outflow_max,4_flood_p95,4_waste_count,3_fb_baseline_median,248,0.09952317162646829,0.08845173521203953,1926.2196237524645,1940.2733387371245
2_displaced_excess_max,4_flood_p95,4_waste_count,3_worldpop,250,0.09753465687930107,0.08652898196319503,3753.758695712897,3767.844539384346
2_displaced_excess_max,4_flood_p95,4_waste_count,3_worldpop_safe,248,0.09705790408549886,0.08595615700458281,3725.7001365838937,3739.7538515685537
3_pct_outflow_worldpop_from_2_outflow_max,4_flood_p95,4_waste_per_population,3_fb_baseline_median,224,0.09483623069159686,0.08249308838284586,1738.7825979097847,1752.4291821172048
2_displaced_excess_max,4_flood_p95,4_waste_count_final,3_worldpop,224,0.09074599100213832,0.07834707269762198,3387.9215817493714,3401.5681659567917
2_displaced_excess_max,4_flood_p95,4_waste_count_final,3_worldpop_safe,224,0.09074599100213832,0.07834707269762198,3387.9215817493714,3401.5681659567917
2_displaced_excess_max,4_flood_p95,4_waste_per_quadkey_area,3_worldpop,224,0.0907411923639816,0.0783422086234904,3387.9227639186,3401.5693481260205
2_displaced_excess_max,4_flood_p95,4_waste_per_quadkey_area,3_worldpop_safe,224,0.0907411923639816,0.0783422086234904,3387.9227639186,3401.5693481260205
2_outflow_max,4_flood_p95,4_waste_per_population,3_worldpop,224,0.08814501973710664,0.07571063364261266,3448.7672595460267,3462.413843753447
2_outflow_max,4_flood_p95,4_waste_per_population,3_worldpop_safe,224,0.08814501973710664,0.07571063364261266,3448.7672595460267,3462.413843753447
2_outflow_max,4_flood_p95,4_waste_per_svi_count,3_worldpop,224,0.08711122791394399,0.07466274465822498,3449.02106986089,3462.66765406831
2_outflow_max,4_flood_p95,4_waste_per_svi_count,3_worldpop_safe,224,0.08711122791394399,0.07466274465822498,3449.02106986089,3462.66765406831
3_pct_outflow_fb_from_2_outflow_max,4_flood_p95,4_waste_count,3_fb_baseline_median,239,0.08445195690824081,0.07276410954962265,1854.7243402233685,1868.6301944310944
3_pct_outflow_fb_from_2_outflow_max,4_flood_p95,4_waste_count,3_fb_baseline_safe,239,0.08445195690824081,0.07276410954962265,1854.7243402233685,1868.6301944310944
3_pct_outflow_fb_from_2_outflow_max,4_flood_p95,4_waste_per_population,3_fb_baseline_median,218,0.08472378290261773,0.0718928078965797,1690.6493146909738,1704.1872949421302
3_pct_outflow_fb_from_2_outflow_max,4_flood_p95,4_waste_per_population,3_fb_baseline_safe,218,0.08472378290261773,0.0718928078965797,1690.6493146909738,1704.1872949421302
3_pct_outflow_worldpop_from_2_outflow_max,4_flood_p95,4_waste_per_population,3_fb_baseline_safe,218,0.08472378290261773,0.0718928078965797,1690.6493146909738,1704.1872949421302
3_pct_outflow_worldpop_from_2_outflow_max,4_flood_p95,4_waste_count,3_fb_baseline_safe,237,0.08301290805171435,0.07120620729701532,1839.5613109144451,1853.4335514789857
3_pct_outflow_worldpop_from_2_outflow_max,4_flood_p95,4_waste_count_final,3_fb_baseline_median,224,0.0821789887014277,0.06966324763826537,1741.8931754600421,1755.5397596674622
3_pct_outflow_worldpop_from_2_outflow_max,4_flood_p95,4_waste_per_quadkey_area,3_fb_baseline_median,224,0.08217871524092346,0.06966297044875425,1741.893242199791,1755.5398264072112
3_pct_outflow_worldpop_from_2_outflow_max,4_flood_p95,4_waste_per_svi_count,3_fb_baseline_median,224,0.08177215875587418,0.0692508700116361,1741.9924428724198,1755.63902707984
3_pct_outflow_fb_from_2_outflow_max,4_flood_p95,4_waste_per_svi_count,3_fb_baseline_median,218,0.07453132178630406,0.061557461811345804,1693.0635321501832,1706.6015124013395
3_pct_outflow_fb_from_2_outflow_max,4_flood_p95,4_waste_per_svi_count,3_fb_baseline_safe,218,0.07453132178630406,0.061557461811345804,1693.0635321501832,1706.6015124013395
3_pct_outflow_worldpop_from_2_outflow_max,4_flood_p95,4_waste_per_svi_count,3_fb_baseline_safe,218,0.07453132178630406,0.061557461811345804,1693.0635321501832,1706.6015124013395
3_pct_outflow_fb_from_2_outflow_max,4_flood_p95,4_waste_count_final,3_fb_baseline_median,218,0.07431678484563464,0.06133991734347066,1693.1140618268055,1706.6520420779618
3_pct_outflow_fb_from_2_outflow_max,4_flood_p95,4_waste_count_final,3_fb_baseline_safe,218,0.07431678484563464,0.06133991734347066,1693.1140618268055,1706.6520420779618
3_pct_outflow_worldpop_from_2_outflow_max,4_flood_p95,4_waste_count_final,3_fb_baseline_safe,218,0.07431678484563453,0.06133991734347055,1693.1140618268055,1706.6520420779618
3_pct_outflow_worldpop_from_2_outflow_max,4_flood_p95,4_waste_per_quadkey_area,3_fb_baseline_safe,218,0.07431648764291998,0.06133961597436288,1693.1141318185482,1706.6521120697046
3_pct_outflow_fb_from_2_outflow_max,4_flood_p95,4_waste_per_quadkey_area,3_fb_baseline_median,218,0.07431648764291987,0.06133961597436277,1693.1141318185482,1706.6521120697046
3_pct_outflow_fb_from_2_outflow_max,4_flood_p95,4_waste_per_quadkey_area,3_fb_baseline_safe,218,0.07431648764291987,0.06133961597436277,1693.1141318185482,1706.6521120697046
2_displaced_excess_max,4_flood_p95,4_waste_per_population,3_worldpop,224,0.06640272702404426,0.05367185511982664,3393.839811159105,3407.4863953665254
2_displaced_excess_max,4_flood_p95,4_waste_per_population,3_worldpop_safe,224,0.06640272702404426,0.05367185511982664,3393.839811159105,3407.4863953665254
2_displaced_excess_max,4_flood_p95,4_waste_per_svi_count,3_worldpop,224,0.06503503086483986,0.052285508558451266,3394.167725303434,3407.8143095108544
2_displaced_excess_max,4_flood_p95,4_waste_per_svi_count,3_worldpop_safe,224,0.06503503086483986,0.052285508558451266,3394.167725303434,3407.8143095108544
1_outflow_accumulated_hour0,4_flood_p95,4_waste_count,3_worldpop,250,0.050892720763993204,0.03931824174891996,3881.0717123100476,3895.1575559814964
1_outflow_accumulated_hour0,4_flood_p95,4_waste_per_svi_count,3_worldpop,224,0.05218503009901565,0.039260280509456735,3500.685243561371,3514.3318277687913
1_outflow_accumulated_hour0,4_flood_p95,4_waste_per_svi_count,3_worldpop_safe,224,0.05218503009901565,0.039260280509456735,3500.685243561371,3514.3318277687913
1_outflow_accumulated_hour0,4_flood_p95,4_waste_count,3_worldpop_safe,248,0.05054684698558687,0.03887324264524561,3852.036753693679,3866.090468678339
1_outflow_accumulated_hour0,4_flood_p95,4_waste_count_final,3_worldpop,224,0.04627132499758968,0.033265933974829465,3502.078505521922,3515.7250897293425
1_outflow_accumulated_hour0,4_flood_p95,4_waste_count_final,3_worldpop_safe,224,0.04627132499758968,0.033265933974829465,3502.078505521922,3515.7250897293425
1_outflow_accumulated_hour0,4_flood_p95,4_waste_per_quadkey_area,3_worldpop,224,0.0462701708535328,0.03326476409244461,3502.0787765928453,3515.7253608002657
1_outflow_accumulated_hour0,4_flood_p95,4_waste_per_quadkey_area,3_worldpop_safe,224,0.0462701708535328,0.03326476409244461,3502.0787765928453,3515.7253608002657
1_outflow_accumulated_hour0,4_flood_p95,4_waste_per_population,3_worldpop,224,0.044922387190707846,0.03189860156149016,3502.3951035140517,3516.041687721472
1_outflow_accumulated_hour0,4_flood_p95,4_waste_per_population,3_worldpop_safe,224,0.044922387190707846,0.03189860156149016,3502.3951035140517,3516.041687721472
1_outflow_max_hour0,4_flood_p95,4_waste_per_svi_count,3_worldpop,207,0.044869034777752614,0.030753798838507485,3195.0882887822827,3208.419163955344
1_outflow_max_hour0,4_flood_p95,4_waste_per_svi_count,3_worldpop_safe,207,0.044869034777752614,0.030753798838507485,3195.0882887822827,3208.419163955344
1_outflow_max_hour0,4_flood_p95,4_waste_count,3_worldpop,226,0.0424174493552939,0.029477144616851803,3469.9274371520514,3483.6095771491405
1_outflow_max_hour0,4_flood_p95,4_waste_count,3_worldpop_safe,224,0.0420125215706062,0.028949055955659886,3441.23248740016,3454.8790716075805
1_outflow_max_hour0,4_flood_p95,4_waste_count_final,3_worldpop,207,0.038487299820112564,0.024277752526813634,3196.4667651698755,3209.797640342937
1_outflow_max_hour0,4_flood_p95,4_waste_count_final,3_worldpop_safe,207,0.038487299820112564,0.024277752526813634,3196.4667651698755,3209.797640342937
1_outflow_max_hour0,4_flood_p95,4_waste_per_quadkey_area,3_worldpop,207,0.03848614505731751,0.024276580698558536,3196.467013773721,3209.7978889467827
1_outflow_max_hour0,4_flood_p95,4_waste_per_quadkey_area,3_worldpop_safe,207,0.03848614505731751,0.024276580698558536,3196.467013773721,3209.7978889467827
1_outflow_max_hour0,4_flood_p95,4_waste_per_population,3_worldpop,207,0.037054639233145115,0.02282391961590091,3196.7749670499843,3210.105842223046
1_outflow_max_hour0,4_flood_p95,4_waste_per_population,3_worldpop_safe,207,0.037054639233145115,0.02282391961590091,3196.7749670499843,3210.105842223046
3_pct_outflow_worldpop_from_2_outflow_max,4_flood_p95,4_waste_count,3_worldpop,248,0.031527679276807996,0.019620232710539143,1944.2729004557445,1958.3266154404046
3_pct_outflow_worldpop_from_2_outflow_max,4_flood_p95,4_waste_count,3_worldpop_safe,248,0.031527679276807996,0.019620232710539143,1944.2729004557445,1958.3266154404046
3_pct_outflow_fb_from_1_outflow_accumulated_hour0,4_flood_p95,4_waste_per_svi_count,3_worldpop,218,0.031139874405010648,0.017557723111622958,1674.436192035266,1687.9741722864223
3_pct_outflow_fb_from_1_outflow_accumulated_hour0,4_flood_p95,4_waste_per_svi_count,3_worldpop_safe,218,0.031139874405010648,0.017557723111622958,1674.436192035266,1687.9741722864223
3_pct_outflow_worldpop_from_1_outflow_accumulated_hour0,4_flood_p95,4_waste_per_svi_count,3_worldpop,224,0.030164937950365345,0.016939914376961185,1718.46076800744,1732.1073522148602
3_pct_outflow_worldpop_from_1_outflow_accumulated_hour0,4_flood_p95,4_waste_per_svi_count,3_worldpop_safe,224,0.030164937950365345,0.016939914376961185,1718.46076800744,1732.1073522148602
3_pct_outflow_fb_from_1_outflow_max_hour0,4_flood_p95,4_waste_per_svi_count,3_worldpop,218,0.030163213836320923,0.016567371039633905,1611.1069497962792,1624.6449300474355
3_pct_outflow_fb_from_1_outflow_max_hour0,4_flood_p95,4_waste_per_svi_count,3_worldpop_safe,218,0.030163213836320923,0.016567371039633905,1611.1069497962792,1624.6449300474355
3_pct_outflow_worldpop_from_1_outflow_max_hour0,4_flood_p95,4_waste_per_svi_count,3_worldpop,224,0.02873573145936803,0.015491218706541243,1653.7273229293842,1667.3739071368043
3_pct_outflow_worldpop_from_1_outflow_max_hour0,4_flood_p95,4_waste_per_svi_count,3_worldpop_safe,224,0.02873573145936803,0.015491218706541243,1653.7273229293842,1667.3739071368043
3_pct_outflow_worldpop_from_2_outflow_max,4_flood_p95,4_waste_per_population,3_worldpop,224,0.028560072417111226,0.015313164313708216,1754.6112318350233,1768.2578160424434
3_pct_outflow_worldpop_from_2_outflow_max,4_flood_p95,4_waste_per_population,3_worldpop_safe,224,0.028560072417111226,0.015313164313708216,1754.6112318350233,1768.2578160424434
3_pct_outflow_fb_from_2_outflow_max,4_flood_p95,4_waste_per_population,3_worldpop,218,0.023798619265733234,0.010113553180673418,1704.697889022302,1718.2358692734583
3_pct_outflow_fb_from_2_outflow_max,4_flood_p95,4_waste_per_population,3_worldpop_safe,218,0.023798619265733234,0.010113553180673418,1704.697889022302,1718.2358692734583
3_pct_outflow_fb_from_2_outflow_max,4_flood_p95,4_waste_count,3_worldpop,239,0.02241332558766762,0.009933495701552775,1870.3941642416867,1884.3000184494126
3_pct_outflow_fb_from_2_outflow_max,4_flood_p95,4_waste_count,3_worldpop_safe,237,0.022109832466099322,0.009518971939911691,1854.8013505787185,1868.673591143259
3_pct_outflow_worldpop_from_2_outflow_max,4_flood_p95,4_waste_count_final,3_worldpop,224,0.01871244967524255,0.005331255807177637,1756.870519133689,1770.517103341109
3_pct_outflow_worldpop_from_2_outflow_max,4_flood_p95,4_waste_count_final,3_worldpop_safe,224,0.01871244967524255,0.005331255807177637,1756.870519133689,1770.517103341109
3_pct_outflow_worldpop_from_2_outflow_max,4_flood_p95,4_waste_per_quadkey_area,3_worldpop,224,0.01871203044303238,0.005330830858164659,1756.8706148324418,1770.517199039862
3_pct_outflow_worldpop_from_2_outflow_max,4_flood_p95,4_waste_per_quadkey_area,3_worldpop_safe,224,0.01871203044303238,0.005330830858164659,1756.8706148324418,1770.517199039862
3_pct_outflow_fb_from_2_outflow_max,4_flood_p95,4_waste_count_final,3_worldpop,218,0.01639220847060885,0.0026033141968323514,1706.3456058130964,1719.8835860642528
3_pct_outflow_fb_from_2_outflow_max,4_flood_p95,4_waste_count_final,3_worldpop_safe,218,0.01639220847060885,0.0026033141968323514,1706.3456058130964,1719.8835860642528
3_pct_outflow_fb_from_2_outflow_max,4_flood_p95,4_waste_per_quadkey_area,3_worldpop,218,0.01639178688601073,0.0026028867021697932,1706.345699250159,1719.8836795013153
3_pct_outflow_fb_from_2_outflow_max,4_flood_p95,4_waste_per_quadkey_area,3_worldpop_safe,218,0.01639178688601073,0.0026028867021697932,1706.345699250159,1719.8836795013153
3_pct_outflow_worldpop_from_1_outflow_accumulated_hour0,4_flood_p95,4_waste_count,3_worldpop,248,0.014548386462193141,0.0024321780990232966,1892.9861244676085,1907.0398394522686
3_pct_outflow_worldpop_from_1_outflow_accumulated_hour0,4_flood_p95,4_waste_count,3_worldpop_safe,248,0.014548386462193141,0.0024321780990232966,1892.9861244676085,1907.0398394522686
3_pct_outflow_worldpop_from_1_outflow_max_hour0,4_flood_p95,4_waste_count,3_worldpop,248,0.013873459976614488,0.0017489533369826615,1820.7035960710346,1834.7573110556946
3_pct_outflow_worldpop_from_1_outflow_max_hour0,4_flood_p95,4_waste_count,3_worldpop_safe,248,0.013873459976614488,0.0017489533369826615,1820.7035960710346,1834.7573110556946
3_pct_outflow_fb_from_1_outflow_accumulated_hour0,4_flood_p95,4_waste_count,3_worldpop_safe,237,0.012742756939331912,3.129029048209997e-05,1813.8633373726686,1827.7355779372092
3_pct_outflow_fb_from_1_outflow_accumulated_hour0,4_flood_p95,4_waste_count,3_worldpop,239,0.012195222322066823,-0.0004150514355236723,1832.517199767478,1846.4230539752039
3_pct_outflow_worldpop_from_1_outflow_accumulated_hour0,4_flood_p95,4_waste_per_quadkey_area,3_worldpop,224,0.012894365654948836,-0.0005661657224838024,1722.414601296825,1736.061185504245
3_pct_outflow_worldpop_from_1_outflow_accumulated_hour0,4_flood_p95,4_waste_per_quadkey_area,3_worldpop_safe,224,0.012894365654948836,-0.0005661657224838024,1722.414601296825,1736.061185504245
3_pct_outflow_worldpop_from_1_outflow_accumulated_hour0,4_flood_p95,4_waste_count_final,3_worldpop,224,0.012893456912991041,-0.0005670868563771858,1722.4148075139692,1736.0613917213893
3_pct_outflow_worldpop_from_1_outflow_accumulated_hour0,4_flood_p95,4_waste_count_final,3_worldpop_safe,224,0.012893456912991041,-0.0005670868563771858,1722.4148075139692,1736.0613917213893
3_pct_outflow_worldpop_from_2_outflow_max,4_flood_p95,4_waste_per_svi_count,3_worldpop,224,0.012179865156585201,-0.001290409409461457,1758.3567804606978,1772.003364668118
3_pct_outflow_worldpop_from_2_outflow_max,4_flood_p95,4_waste_per_svi_count,3_worldpop_safe,224,0.012179865156585201,-0.001290409409461457,1758.3567804606978,1772.003364668118
3_pct_outflow_fb_from_1_outflow_max_hour0,4_flood_p95,4_waste_count,3_worldpop_safe,237,0.01116688212923378,-0.0015648747532224228,1744.5973977784824,1758.469638343023
3_pct_outflow_fb_from_1_outflow_accumulated_hour0,4_flood_p95,4_waste_per_quadkey_area,3_worldpop,218,0.011917540923471748,-0.001934082334610343,1678.7189988083362,1692.2569790594926
3_pct_outflow_fb_from_1_outflow_accumulated_hour0,4_flood_p95,4_waste_per_quadkey_area,3_worldpop_safe,218,0.011917540923471748,-0.001934082334610343,1678.7189988083362,1692.2569790594926
3_pct_outflow_fb_from_1_outflow_accumulated_hour0,4_flood_p95,4_waste_count_final,3_worldpop,218,0.011916597903056436,-0.0019350385749381527,1678.7192068662273,1692.2571871173836
3_pct_outflow_fb_from_1_outflow_accumulated_hour0,4_flood_p95,4_waste_count_final,3_worldpop_safe,218,0.011916597903056436,-0.0019350385749381527,1678.7192068662273,1692.2571871173836
3_pct_outflow_fb_from_1_outflow_max_hour0,4_flood_p95,4_waste_count,3_worldpop,239,0.010509132222378592,-0.0021226660896760396,1763.7035140366215,1777.6093682443475
3_pct_outflow_worldpop_from_1_outflow_max_hour0,4_flood_p95,4_waste_per_quadkey_area,3_worldpop,224,0.010776916546440973,-0.002712489137016716,1657.8312892850772,1671.4778734924973
3_pct_outflow_worldpop_from_1_outflow_max_hour0,4_flood_p95,4_waste_per_quadkey_area,3_worldpop_safe,224,0.010776916546440973,-0.002712489137016716,1657.8312892850772,1671.4778734924973
3_pct_outflow_worldpop_from_1_outflow_max_hour0,4_flood_p95,4_waste_count_final,3_worldpop,224,0.010776176581944963,-0.0027132391919375554,1657.831456842818,1671.478041050238
3_pct_outflow_worldpop_from_1_outflow_max_hour0,4_flood_p95,4_waste_count_final,3_worldpop_safe,224,0.010776176581944963,-0.0027132391919375554,1657.831456842818,1671.478041050238
3_pct_outflow_fb_from_1_outflow_max_hour0,4_flood_p95,4_waste_per_quadkey_area,3_worldpop,218,0.010127515164683798,-0.0037492019124467646,1615.5646870406226,1629.102667291779
3_pct_outflow_fb_from_1_outflow_max_hour0,4_flood_p95,4_waste_per_quadkey_area,3_worldpop_safe,218,0.010127515164683798,-0.0037492019124467646,1615.5646870406226,1629.102667291779
3_pct_outflow_fb_from_1_outflow_max_hour0,4_flood_p95,4_waste_count_final,3_worldpop,218,0.01012674606714814,-0.003749981791723478,1615.5648564192047,1629.102836670361
3_pct_outflow_fb_from_1_outflow_max_hour0,4_flood_p95,4_waste_count_final,3_worldpop_safe,218,0.01012674606714814,-0.003749981791723478,1615.5648564192047,1629.102836670361
3_pct_outflow_fb_from_2_outflow_max,4_flood_p95,4_waste_per_svi_count,3_worldpop,218,0.009159151043549363,-0.004731141231540947,1707.9428249459709,1721.4808051971272
3_pct_outflow_fb_from_2_outflow_max,4_flood_p95,4_waste_per_svi_count,3_worldpop_safe,218,0.009159151043549363,-0.004731141231540947,1707.9428249459709,1721.4808051971272
3_pct_outflow_worldpop_from_1_outflow_accumulated_hour0,4_flood_p95,4_waste_per_population,3_worldpop,224,0.005322049428768905,-0.008241740806293363,1724.126399802305,1737.7729840097252
3_pct_outflow_worldpop_from_1_outflow_accumulated_hour0,4_flood_p95,4_waste_per_population,3_worldpop_safe,224,0.005322049428768905,-0.008241740806293363,1724.126399802305,1737.7729840097252
3_pct_outflow_worldpop_from_1_outflow_max_hour0,4_flood_p95,4_waste_per_population,3_worldpop,224,0.0038802621515016122,-0.009703188819159658,1659.387551288731,1673.034135496151
3_pct_outflow_worldpop_from_1_outflow_max_hour0,4_flood_p95,4_waste_per_population,3_worldpop_safe,224,0.0038802621515016122,-0.009703188819159658,1659.387551288731,1673.034135496151
3_pct_outflow_fb_from_1_outflow_accumulated_hour0,4_flood_p95,4_waste_per_population,3_worldpop,218,0.003791025017468086,-0.010174521360791555,1680.5046139068172,1694.0425941579736
3_pct_outflow_fb_from_1_outflow_accumulated_hour0,4_flood_p95,4_waste_per_population,3_worldpop_safe,218,0.003791025017468086,-0.010174521360791555,1680.5046139068172,1694.0425941579736
3_pct_outflow_fb_from_1_outflow_max_hour0,4_flood_p95,4_waste_per_population,3_worldpop,218,0.002460502604714976,-0.01152369595690117,1617.246690615809,1630.7846708669654
3_pct_outflow_fb_from_1_outflow_max_hour0,4_flood_p95,4_waste_per_population,3_worldpop_safe,218,0.002460502604714976,-0.01152369595690117,1617.246690615809,1630.7846708669654
